title,url,pages,year,size,downloads,description,thumbnail
Half Girlfriend by Chetan Bhagat,https://www.pdfdrive.com/half-girlfriend-by-chetan-bhagat-e18680044.html,285 Pages,2014,1.74 MB,"82,790 Downloads","Chetan Bhagat’s books do both and more. Thank you, dear reader and friend, for picking up Half  ...",https://s.pdfdrive.com/assets/thumbs/97c/97cff00bc67f8029a2b9e91deeab3549-s.jpg
half-girlfriend-chetan-bhagat,https://www.pdfdrive.com/half-girlfriend-chetan-bhagat-e60359101.html,285 Pages,2014,1.72 MB,"8,476 Downloads",half-girlfriend-chetan-bhagat.pdf Half Girlfriend Chetan Bhagat Half  ...,https://s.pdfdrive.com/assets/thumbs/982/98290378324e408fae4cd713731426d9-s.jpg
One Indian Girl by Chetan Bhagat,https://www.pdfdrive.com/one-indian-girl-by-chetan-bhagat-e33436080.html,232 Pages,2012,1.12 MB,"335,205 Downloads",ONE. INDIAN. GIRL. Chetan Bhagat is the author of six bestselling TIME magazine named him as one  ...,https://s.pdfdrive.com/assets/thumbs/6cd/6cd0c558c84a90110d7c1952faef0cbd-s.jpg
Chetan Bhagat - The Girl in Room 105 (2018),https://www.pdfdrive.com/chetan-bhagat-the-girl-in-room-105-2018-e145174632.html,285 Pages,2017,1.29 MB,"176,496 Downloads","·New! Chetan_Bhagat_-_The_Girl_in_Room_105_(2018).pdf The Girl in Room 105 Bhagat, Chetan The Girl in Room 105  ...",https://s.pdfdrive.com/assets/thumbs/43c/43c271768f2dcb0b13cb738be1a828a7-s.jpg
Three Mistakes of My Life by Chetan Bhagat,https://www.pdfdrive.com/three-mistakes-of-my-life-by-chetan-bhagat-e24667028.html,144 Pages,2008,1.72 MB,"163,738 Downloads","There are advantages in having a wife smarter than you. I could 'Oh that Chetan Bhagat,' he said  ...",https://s.pdfdrive.com/assets/thumbs/e54/e54e635153314ffc2c9c40d35bf9e2b3-s.jpg
One Indian Girl Free PDF by Chetan Bhagat,https://www.pdfdrive.com/one-indian-girl-free-pdf-by-chetan-bhagat-e40686759.html,232 Pages,2012,1.12 MB,"85,382 Downloads",ONE. INDIAN. GIRL. Chetan Bhagat is the author of six bestselling TIME magazine named him as one  ...,https://s.pdfdrive.com/assets/thumbs/49c/49c7e7a5d4ab8d552343078aabf22450-s.jpg
ONE NIGHT @ THE CALL CENTER —CHETAN BHAGAT,https://www.pdfdrive.com/one-night-the-call-center-chetan-bhagat-e1847315.html,165 Pages,2010,667 KB,"64,284 Downloads",ONE NIGHT @ THE CALL CENTER —CHETAN BHAGAT [Typeset by: Arun K Gupta] This is someway my story ONE NIGHT  ...,https://s.pdfdrive.com/assets/thumbs/8b6/8b68ad8c47dd0d713e0061354a66adf9-s.jpg
Revolution 2020,https://www.pdfdrive.com/revolution-2020-e18723858.html,304 Pages,2011,23.28 MB,"86,218 Downloads","Gopol smiled*'*lhis is not an interview, Chetan-ji- Either you sit down .. 2 4 • CHETAN.-.BHAGAT  ...",https://s.pdfdrive.com/assets/thumbs/e66/e66adbe2158e5e68975bb5e621023f94-s.jpg
One Night at call center by Chetan Bhagat,https://www.pdfdrive.com/one-night-at-call-center-by-chetan-bhagat-e29680425.html,169 Pages,2013,871 KB,"40,448 Downloads","I am Chetan by the way, Chetan Bhagat.' “Hi,' she said . challenges in modern India?' 'I don't O  ...",https://s.pdfdrive.com/assets/thumbs/cd8/cd83a61ddff634358c41b8d6a8d1963f-s.jpg
2 States The Story of My Marriage,https://www.pdfdrive.com/2-states-the-story-of-my-marriage-e15314772.html,322 Pages,2012,839 KB,"82,644 Downloads","This may be the first time in the history of books, but here goes: Dedicated to .versions of old 2 States The Story O  ...",https://s.pdfdrive.com/assets/thumbs/438/4386c207a78389defc1898111b4ed266-s.jpg
Revolution 2020,https://www.pdfdrive.com/revolution-2020-e24372409.html,250 Pages,2012,770 KB,"57,883 Downloads",I had a drink with “the” Chetan Bhagat.' I laughed. Revolution 2020  ...,https://s.pdfdrive.com/assets/thumbs/c0a/c0ac3a861af736cf0400dcc3b59d9be5-s.jpg
"Chetan Bhagat's ""2 States:The Story of My Marriage""",https://www.pdfdrive.com/chetan-bhagats-2-statesthe-story-of-my-marriage-e38469224.html,322 Pages,2012,839 KB,"20,731 Downloads","They get married. Welcome to 2 States, a story about Krish and Ananya. They are from two different 2 States The Story  ...",https://s.pdfdrive.com/assets/thumbs/6f6/6f65b2857494a34f576e16e9dcfa88a3-s.jpg
Chetan Bhagat,https://www.pdfdrive.com/chetan-bhagat-e28960005.html,144 Pages,2008,1.49 MB,"9,344 Downloads",I think it is only in my generation that Indian women started slamming .. 'Two hundred push-ups  ...,https://s.pdfdrive.com/assets/thumbs/2b2/2b204ae426a73a3ecb905e1ee7a4deeb-s.jpg
five-point-someone-by-chetan-bhagat,https://www.pdfdrive.com/five-point-someone-by-chetan-bhagat-e54391539.html,154 Pages,2012,14.88 MB,"8,878 Downloads","True, my engineering degree was in the dumps. True we probably pointlessly slaved in Prof. Veera's  ...",https://s.pdfdrive.com/assets/thumbs/ccb/ccb8f3d9cdd4b2bee426fb9223863d61-s.jpg
half-girlfriend-chetan-bhagat,https://www.pdfdrive.com/half-girlfriend-chetan-bhagat-e45391153.html,285 Pages,2014,1.72 MB,653 Downloads,"Fast Company Magazine, on Chetan's inclusion in the 100 most creative .. Fernandez asked, scanning Half  ...",https://s.pdfdrive.com/assets/thumbs/2ce/2cea69bcd0058493d4ec9206fc69cdff-s.jpg
One Indian Girl by Chetan Bhagat,https://www.pdfdrive.com/one-indian-girl-by-chetan-bhagat-e49840273.html,232 Pages,2012,1.12 MB,"7,400 Downloads",ONE. INDIAN. GIRL. Chetan Bhagat is the author of six bestselling TIME magazine named him as one  ...,https://s.pdfdrive.com/assets/thumbs/020/0201beb94815eda4bf42b25238156a9c-s.jpg
Revolution 2020,https://www.pdfdrive.com/revolution-2020-e18464029.html,250 Pages,2012,770 KB,"12,085 Downloads",REVOLUTION 2020 Love. Corruption. Ambition Chetan Bhagat RUPA PUBLICATIONS INDIA To my mother Revolution 2  ...,https://s.pdfdrive.com/assets/thumbs/2fd/2fddf4486ee4adf93b10ef71c039a7ff-s.jpg
three mistakes of my life by chetan bhagat,https://www.pdfdrive.com/three-mistakes-of-my-life-by-chetan-bhagat-e55325915.html,144 Pages,2008,1.72 MB,"6,819 Downloads","`Businessman?' she said as she finished reading the mail. She looked .. Of course, we called  ...",https://s.pdfdrive.com/assets/thumbs/419/419ffc43d09b58d867c4140ae915d55b-s.jpg
revolution 2020,https://www.pdfdrive.com/revolution-2020-e19074329.html,304 Pages,2011,23.28 MB,"10,368 Downloads","·Italian Revolution 2020 - Love, Corruption, Ambition  ...",https://s.pdfdrive.com/assets/thumbs/22e/22e0cd9c33cb5f3572aee06c3479d161-s.jpg
Half Girlfriend,https://www.pdfdrive.com/half-girlfriend-e33652592.html,285 Pages,2014,1.74 MB,"9,566 Downloads","Thank you, dear reader and friend, for picking up Half Girlfriend. Whatever I have achieved today Half  ...",https://s.pdfdrive.com/assets/thumbs/c38/c38b5d9d24f36f6fe60747903ef9f622-s.jpg
The Girl In Room 105 2018 Edition- Chetan Bhagat,https://www.pdfdrive.com/the-girl-in-room-105-2018-edition-chetan-bhagat-e176203182.html,121 Pages,2019,488 KB,"5,468 Downloads",·New! The_Girl_In_Room_105.pdf Imad  ...,https://s.pdfdrive.com/assets/thumbs/2b5/2b587ba901715671ceec2883ca7253ee-s.jpg
The 3 Mistakes of My Life[email protected],https://www.pdfdrive.com/the-3-mistakes-of-my-life-e62922371.html,131 Pages,2017,2.12 MB,"5,936 Downloads","·Hindi को - [email protected] िवषय - एक अंितम नोट. ि य चेतन,. यह ई-म�  ...",https://s.pdfdrive.com/assets/thumbs/d9e/d9e4b17292f47f616a58a605903f302a-s.jpg
Five Point Someone,https://www.pdfdrive.com/five-point-someone-e158062892.html,148 Pages,2016,1011 KB,"5,268 Downloads",·New!  ...,https://s.pdfdrive.com/assets/thumbs/a7f/a7f9a3872cd163a140d0759be0823b7b-s.jpg
One Indian Girl,https://www.pdfdrive.com/one-indian-girl-e109353595.html,154 Pages,2017,2.07 MB,"2,956 Downloads","·Hindi·New! जीजू या सोचगे?' मने कहा। 'ओह माय गॉड, ये तो जेश ज�  ...",https://s.pdfdrive.com/assets/thumbs/00d/00dac878877dd323309e19d5b56384c6-s.jpg
Making India Awesome - New Essays and columns,https://www.pdfdrive.com/making-india-awesome-new-essays-and-columns-e163265124.html,166 Pages,2015,1.06 MB,"2,795 Downloads","·New! non-fiction book, What Young India Wants, Chetan Bhagat, the country’s biggest-selling writer, returns  ...",https://s.pdfdrive.com/assets/thumbs/4c6/4c6ecb0e67fdeb2fdacb1e162f202249-s.jpg
Page 1 CHETAN BHAGAT Selected Non-fiction Page 2 What Young India Wants him at ...,https://www.pdfdrive.com/page-1-chetan-bhagat-selected-non-fiction-page-2-what-young-india-wants-him-at-e33474714.html,105 Pages,2015,7.03 MB,"2,092 Downloads",YOUNG. INDIA. WANTS. Selected Essays and Columns. Chetan Bhagat. R U PA Open letter to Sonia  ...,https://s.pdfdrive.com/assets/thumbs/ca7/ca7d207fb615a9355a170855118415ef-s.jpg
three mistakes of my life by chetan bhagat,https://www.pdfdrive.com/three-mistakes-of-my-life-by-chetan-bhagat-e58925267.html,144 Pages,2008,1.72 MB,"1,855 Downloads","The guards frisked us to the point of molestation. Finally, we made it to the enclosure. my  ...",https://s.pdfdrive.com/assets/thumbs/947/94736d72869261125e22e891df1076ed-s.jpg
Half Girlfriend,https://www.pdfdrive.com/half-girlfriend-e45188160.html,285 Pages,2014,1.74 MB,"6,026 Downloads","Fast Company Magazine, on Chetan's inclusion in the 100 most It is a lofty goal, and I am Half Girlfr  ...",https://s.pdfdrive.com/assets/thumbs/552/552942cf101201e8806d9f622b4202de-s.jpg
ललेखक कले ललए - Half Girlfriend,https://www.pdfdrive.com/ललखक-कल-ललए-half-girlfriend-e37889376.html,178 Pages,2015,990 KB,"3,340 Downloads",·Hindi ललेखक कले ललए प्रशशसस कई ललेखककों कले ललए उनक�  ...,https://s.pdfdrive.com/assets/thumbs/ba1/ba1756aa20a96fa02974e9e193bc2cfe-s.jpg
The Girl in Room 105,https://www.pdfdrive.com/the-girl-in-room-105-e185888634.html,285 Pages,2018,1.29 MB,"1,248 Downloads","·New! Hi, I’m Keshav, and my life is screwed. I hate my job and my girlfriend left me. Ah, the beautiful  ...",https://s.pdfdrive.com/assets/thumbs/4c4/4c482d94a39998513b12f79d8de19fb6-s.jpg
Half Girlfriend,https://www.pdfdrive.com/half-girlfriend-e107097257.html,127 Pages,2017,1.78 MB,"1,639 Downloads",·Hindi·New! चेतन भगत ने छह बे टसे लंग कताब िलखी ह। इनमपाँच  ...,https://s.pdfdrive.com/assets/thumbs/30a/30af066232e81ef90062641049ecea0c-s.jpg
Revolution Twenty20,https://www.pdfdrive.com/revolution-twenty20-e101124675.html,189 Pages,2017,2.77 MB,767 Downloads,"·Hindi·New! माय लाइफ (2008), 2 टेट्स : द टोरी ऑफ माय मै रज (2009) और रे  ...",https://s.pdfdrive.com/assets/thumbs/246/24614f3cea49e3b5b04089007c47bf6b-s.jpg
One Indian Girl,https://www.pdfdrive.com/one-indian-girl-e196502083.html,276 Pages,2016,1.09 MB,652 Downloads,"·New! likeable, do they? About the author Chetan Bhagat is the author of eight blockbuster books. These include  ...",https://s.pdfdrive.com/assets/thumbs/b8c/b8c443f20d32d247af7305b5bd2e67d8-s.jpg
"Steels: Metallurgy and Applications, Third Edition",https://www.pdfdrive.com/steels-metallurgy-and-applications-third-edition-e161897030.html,,1998,19.53 MB,"55,384 Downloads",·New! STEELS provides a metallurgical understanding of commercial steel grades and the design  ...,https://s.pdfdrive.com/assets/thumbs/e64/e6433d5962cc36c9a9b499135a877213-s.jpg
One Indian Girl,https://www.pdfdrive.com/one-indian-girl-e100787177.html,222 Pages,2016,1.35 MB,530 Downloads,"·New! Chetan Bhagat is the author of six bestselling novels—Five Point Someone (2004), One Half One I  ...",https://s.pdfdrive.com/assets/thumbs/c70/c70ecadea313cce9bde0f1049aee8074-s.jpg
What Young India Wants: Selected Non-Fiction,https://www.pdfdrive.com/what-young-india-wants-selected-non-fiction-e184449483.html,106 Pages,2012,13.45 MB,497 Downloads,"·New! In his latest book, What Young India Wants, Chetan Bhagat asks hard questions, demands answers  ...",https://s.pdfdrive.com/assets/thumbs/e5b/e5b5ab29a0faed3c42aa2d8729e58524-s.jpg
One Indian Girl by Chetan Bhagat,https://www.pdfdrive.com/one-indian-girl-by-chetan-bhagat-e61451868.html,232 Pages,2012,1.12 MB,342 Downloads,One_Indian_Girl_by_Chetan_Bhagat.pdf  ...,https://s.pdfdrive.com/assets/thumbs/788/7882c006f69a0b8bf52a0668edc90368-s.jpg
The 3 (Three) Mistakes of My Life,https://www.pdfdrive.com/the-3-three-mistakes-of-my-life-e185595054.html,144 Pages,2008,1.49 MB,457 Downloads,·New!  ...,https://s.pdfdrive.com/assets/thumbs/1ee/1eebf6fd7ae140ef89c3293ded8a7693-s.jpg
"Data Structures, Algorithms And Applications In C++",https://www.pdfdrive.com/data-structures-algorithms-and-applications-in-c-e30675196.html,826 Pages,2009,28.06 MB,"55,089 Downloads","The study of data structures and algorithms is fundamental to computer into this course have had Data Structures, Algo  ...",https://s.pdfdrive.com/assets/thumbs/178/178cbd68e6239d25b8b31929f21e822f-s.jpg
Japanese folk songs,https://www.pdfdrive.com/japanese-folk-songs-e184451506.html,104 Pages,1967,24.47 MB,"3,276 Downloads",·Norwegian·New!  ...,https://s.pdfdrive.com/assets/thumbs/8fe/8fe1541a6fd8faf6e9424c9be1147aab-s.jpg
Bhagavad-Gita As It Is,https://www.pdfdrive.com/bhagavad-gita-as-it-is-e7927539.html,"1,029 Pages",2002,3.97 MB,"49,358 Downloads",Originally I wrote Bhagavad-gétä As It Is in the form in which it is presented now. When this book Bhagavad-Gita As It  ...,https://s.pdfdrive.com/assets/thumbs/6a1/6a13d23e0123fe447d6f6299036ef9ad-s.jpg
Half Girlfriend,https://www.pdfdrive.com/half-girlfriend-e48166485.html,285 Pages,2014,1.72 MB,437 Downloads,of Indian publishing. - The Times of India. Bhagat has  Half Girlfriend  ...,https://s.pdfdrive.com/assets/thumbs/59b/59b5e7a765bdd564d41f2cf5fa4d2821-s.jpg
Chetan Bhagat - 2 States The Story of My Marriage (1),https://www.pdfdrive.com/chetan-bhagat-2-states-the-story-of-my-marriage-1-e187239830.html,322 Pages,2012,839 KB,38 Downloads,·New! Chetan_Bhagat_-_2_States_The_Story_of_My_Marriage_(1).pdf 2 States The Story Of My Marriage Chetan 2 States The  ...,https://s.pdfdrive.com/assets/thumbs/328/32864a91a0f89c87ec641d2fff84ba9b-s.jpg
download in pdf for free!,https://www.pdfdrive.com/download-in-pdf-for-free-e41733315.html,221 Pages,2016,1.1 MB,341 Downloads,"mother Rekha Bhagat, the first woman in my life. One Indian Girl  ...",https://s.pdfdrive.com/assets/thumbs/8a5/8a57c753baaf6237c1b14d657750fc59-s.jpg
How To Love Like a Hot Chick: The Girlfriend to Girlfriend Guide to Getting the Love You Deserve,https://www.pdfdrive.com/how-to-love-like-a-hot-chick-the-girlfriend-to-girlfriend-guide-to-getting-the-love-you-deserve-e162128884.html,251 Pages,2008,4.02 MB,549 Downloads,·New!  ...,https://s.pdfdrive.com/assets/thumbs/fc7/fc7792f23fcf351279cb2a27d2d78794-s.jpg
Five Point Someone,https://www.pdfdrive.com/five-point-someone-e187928511.html,153 Pages,2016,9.65 MB,108 Downloads,·New!  ...,https://s.pdfdrive.com/assets/thumbs/1a4/1a44228faad37238ee24a3489fa75257-s.jpg
Introductory methods of numerical analysis,https://www.pdfdrive.com/introductory-methods-of-numerical-analysis-e24288282.html,455 Pages,2011,9.99 MB,"34,975 Downloads",Introductory methods of numerical analysis  ...,https://s.pdfdrive.com/assets/thumbs/b01/b0195d22fa9de7989fbbdd997cf0643f-s.jpg
One Indian Girl,https://www.pdfdrive.com/one-indian-girl-e48026831.html,221 Pages,2016,1.1 MB,173 Downloads,"ONE. INDIAN. GIRL. Chetan Bhagat is the author of six bestselling Call Center (2005), The 3 One Indian G  ...",https://s.pdfdrive.com/assets/thumbs/abf/abf9cd77893bc63b22e6ec1f58533c11-s.jpg
Half of a Yellow Sun,https://www.pdfdrive.com/half-of-a-yellow-sun-e191495263.html,410 Pages,2006,1.79 MB,"9,553 Downloads",·New! From Publishers WeeklyStarred Review. When the Igbo people of eastern Nigeria seceded in 1967  ...,https://s.pdfdrive.com/assets/thumbs/7ad/7ad60948be79fea5368baccefeea7e44-s.jpg
The Big Book of Weekend Woodworking - Wood Tools,https://www.pdfdrive.com/the-big-book-of-weekend-woodworking-wood-tools-e12932213.html,452 Pages,2010,18.59 MB,"30,932 Downloads",·Dutch Page 1. Page 2. Page 3. Page 4. Page 5. Page 6. Page 7. Page 8. Page 9. Page10. Page 11. Page 12 The Big Book of Weeke  ...,https://s.pdfdrive.com/assets/thumbs/a4a/a4ac347cde6bee166141cea7d5361dd3-s.jpg
Bhagat Singhs writings in Hindi,https://www.pdfdrive.com/bhagat-singhs-writings-in-hindi-e187850111.html,788 Pages,2016,6.32 MB,"1,839 Downloads",·Tagalog·New!  ...,https://s.pdfdrive.com/assets/thumbs/8cf/8cf5956793767a3e37d1e6878994b869-s.jpg
Revolution 2020,https://www.pdfdrive.com/revolution-2020-e186541293.html,302 Pages,2008,58.48 MB,73 Downloads,·Finnish·New!  ...,https://s.pdfdrive.com/assets/thumbs/069/069da7b3f7f38ba2233380ec1206499d-s.jpg
The Girl in Room 105,https://www.pdfdrive.com/the-girl-in-room-105-e189814234.html,285 Pages,2018,1.36 MB,71 Downloads,·New!  ...,https://s.pdfdrive.com/assets/thumbs/764/7646c57a0d4632168e90812bb76b35f7-s.jpg
Hacking For Beginners.pdf,https://www.pdfdrive.com/hacking-for-beginnerspdf-e38375455.html,255 Pages,2011,11.45 MB,"29,139 Downloads",“Hacking for Beginners” is a book related to Computer Security and not a “Hacking for Beginners Basics of Ethica  ...,https://s.pdfdrive.com/assets/thumbs/f5c/f5cc94ac939d51adce8b9e4d73bc7e79-s.jpg
"JavaScript: JavaScript For Beginners - Learn JavaScript Programming with ease in HALF THE TIME - Everything about the Language, Coding, Programming and Web Pages You need to know",https://www.pdfdrive.com/javascript-javascript-for-beginners-learn-javascript-programming-with-ease-in-half-the-time-everything-about-the-language-coding-programming-and-web-pages-you-need-to-know-e158299863.html,115 Pages,2017,578 KB,"56,006 Downloads",·New!  ...,https://s.pdfdrive.com/assets/thumbs/28a/28af716d5125df62215719b121524ebd-s.jpg
What Young India Wants: Selected Non-Fiction,https://www.pdfdrive.com/what-young-india-wants-selected-non-fiction-e196370595.html,129 Pages,2012,780 KB,334 Downloads,"·New! In his latest book, What Young India Wants, Chetan Bhagat asks hard questions, demands answers  ...",https://s.pdfdrive.com/assets/thumbs/4cc/4cccd7c2552489373950f491fed8a225-s.jpg
Balaguruswamy OOP with C++,https://www.pdfdrive.com/balaguruswamy-oop-with-c-e26350490.html,656 Pages,2009,20.75 MB,"150,596 Downloads","Programming in Java, 3'e. Programming in ANSI C, 4/e. Programming in BASIC, 3'e. Numerical Methods Object Oriented Prog  ...",https://s.pdfdrive.com/assets/thumbs/ca3/ca32d262ebcc6ca1009291c775fa1c1c-s.jpg
The 3 Mistakes of My Life,https://www.pdfdrive.com/the-3-mistakes-of-my-life-e195171992.html,185 Pages,2015,1.03 MB,292 Downloads,·New!  ...,https://s.pdfdrive.com/assets/thumbs/fef/fef5458566dddcdd0dca9ca02ba017a4-s.jpg
Five Point Someone,https://www.pdfdrive.com/five-point-someone-e164023728.html,144 Pages,2009,11.85 MB,288 Downloads,·New!  ...,https://s.pdfdrive.com/assets/thumbs/237/237864da0a95bf55204ea69909c27192-s.jpg
09_Chapter 03 Chetan Bhagat Novels at glance and different facets of Hopes,https://www.pdfdrive.com/09_chapter-03-chetan-bhagat-novels-at-glance-and-different-facets-of-hopes-e40796930.html,172 Pages,2016,854 KB,201 Downloads,"ó Ryan suggests that they should draw line between study and fun, so that they can enjoy 09_Chapter 03 Chetan  ...",https://s.pdfdrive.com/assets/thumbs/fa2/fa27c0153ffd2c1daaa29cf66b957ff6-s.jpg
The Trial of Bhagat Singh: Politics of Justice,https://www.pdfdrive.com/the-trial-of-bhagat-singh-politics-of-justice-e185274440.html,365 Pages,2001,7.08 MB,"3,187 Downloads","·New! On 23 March 1931, Bhagat Singh and two of his associates were hanged at the Lahore Central Jail  ...",https://s.pdfdrive.com/assets/thumbs/e38/e38f4161ddbc60a2fbf4642e4bca2938-s.jpg
Pencil Drawing Techniques,https://www.pdfdrive.com/pencil-drawing-techniques-e6661274.html,138 Pages,2006,39.22 MB,"91,700 Downloads",·French Page 1. Page 2. Page 3. Page 4. Page 5. Page 6. Page 7. Page 8. Page 9. Page 10. Page 11. Page 12 Pencil Drawing Techn  ...,https://s.pdfdrive.com/assets/thumbs/58e/58e011302c7db09496ad4c1c05448dfc-s.jpg
Half Girlfriend,https://www.pdfdrive.com/half-girlfriend-e184630083.html,285 Pages,2014,1.74 MB,226 Downloads,·New! friendship. Madhav didn't. Riya suggested a compromise. She agreed to be his half-girlfriend. From the au  ...,https://s.pdfdrive.com/assets/thumbs/139/13980d27ad0c853fa49a52154fa91473-s.jpg
Chetan Bhagat - 2 States The Story of My Marriage (2),https://www.pdfdrive.com/chetan-bhagat-2-states-the-story-of-my-marriage-2-e187242805.html,322 Pages,2012,839 KB,96 Downloads,·New! Chetan_Bhagat_-_2_States_The_Story_of_My_Marriage_(2).pdf 2 States The Story Of My Marriage Chetan 2 States The  ...,https://s.pdfdrive.com/assets/thumbs/3c4/3c40f780b9c2f438dec7d1ccbf12d0ef-s.jpg
"Love, Corruption, Ambition",https://www.pdfdrive.com/love-corruption-ambition-e189855828.html,304 Pages,1980,23.28 MB,190 Downloads,·New!  ...,https://s.pdfdrive.com/assets/thumbs/f7d/f7d17740a910308413db60a60d0930f4-s.jpg
Chapter III Fiction of Chetan Bhagat,https://www.pdfdrive.com/chapter-iii-fiction-of-chetan-bhagat-e60533124.html,109 Pages,2017,672 KB,89 Downloads,"campus, hotelling, war news, movies and the stuff like that– Hari makes a mocktail bar . suggest 05_Chapter III Fic  ...",https://s.pdfdrive.com/assets/thumbs/470/470a22da9eb794bb458e87c741e44148-s.jpg
The Girl in Room 105,https://www.pdfdrive.com/the-girl-in-room-105-e198838340.html,285 Pages,2017,1.29 MB,181 Downloads,"·New! Chetan Bhagat is the author of eight bestselling novels, which have sold over students ji,' he The Girl  ...",https://s.pdfdrive.com/assets/thumbs/9bf/9bf20a866cc5f5817e7a75d2d7788005-s.jpg
1519292487one indian girl by chetan bhagat,https://www.pdfdrive.com/1519292487one-indian-girl-by-chetan-bhagat-e138816609.html,232 Pages,2012,1.12 MB,82 Downloads,·New! 1519292487one_indian_girl_by_chetan_bhagat.pdf  ...,https://s.pdfdrive.com/assets/thumbs/5f8/5f8f5b04459db0b58a719eb933bf219d-s.jpg
"power plant engineering, pk nag",https://www.pdfdrive.com/power-plant-engineering-pk-nag-e34320515.html,994 Pages,2010,30.06 MB,"64,502 Downloads",·Dutch Page 1. Page 2. Hidden page. Page 3. Hidden page. Page 4. Page 5. Page 6. Page 7. Page 8. Page 9 Power plant engineerin  ...,https://s.pdfdrive.com/assets/thumbs/874/874af774ffc96228f32e0883fbe1858a-s.jpg
The Magic of Believing,https://www.pdfdrive.com/the-magic-of-believing-e76637695.html,329 Pages,2010,2.41 MB,"6,766 Downloads","·New! New Jersey. This book is affiliated solely with Princeton Cambridge Publishing Group LLC ""The Magic of Believing&q  ...",https://s.pdfdrive.com/assets/thumbs/f4e/f4e5f9ede6f4baec91bd17e2ed1b3fd9-s.jpg
One Night at the Call Center,https://www.pdfdrive.com/one-night-at-the-call-center-e199985339.html,240 Pages,2005,1016 KB,172 Downloads,·New!  ...,https://s.pdfdrive.com/assets/thumbs/ec1/ec1604b7564991c0be43d8059c4062c5-s.jpg
The Complete Harry Potter (Harry Potter and the Sorcerer's Stone; Harry Potter and the Chamber of Secrets; Harry Potter and the Prisoner of Azkaban; Harry Potter and the Goblet of Fire; Harry Potter and the Order of the Phoenix; Harry Potter and the Half-,https://www.pdfdrive.com/the-complete-harry-potter-harry-potter-and-the-sorcerers-stone-harry-potter-and-the-chamber-of-secrets-harry-potter-and-the-prisoner-of-azkaban-harry-potter-and-the-goblet-of-fire-harry-potter-and-the-order-of-the-phoenix-harry-potter-and-the-half-e157198854.html,,1977,20.83 MB,"46,183 Downloads",·New!  ...,https://s.pdfdrive.com/assets/thumbs/2f2/2f252d04d20f7a5431faba52308d8a54-s.jpg
"Steels: Metallurgy and Applications, Third Edition",https://www.pdfdrive.com/steels-metallurgy-and-applications-third-edition-e161897597.html,423 Pages,1998,19.24 MB,"3,442 Downloads",·New! STEELS provides a metallurgical understanding of commercial steel grades and the design  ...,https://s.pdfdrive.com/assets/thumbs/930/93035ff90c98fa2b4e778abbe35225a4-s.jpg
