title,details,address,price,image
Modern und zentral Wohnen,"3.5 rooms, 89 m²","Luxweg 3, 5000 Aarau, AG","CHF 2,355.—",https://cis01.immoscout24.ch/modern-und-zentral-wohnen-aarau?328x185/0/85/is24media/b5/67/fece6b394a-200408.jpg
Exklusives Wohnen,"3.5 rooms, 83 m²","Luxweg 7, 5000 Aarau, AG","CHF 2,085.—",
"Stilvoll, modern und zentral wohnen","4.5 rooms, 113 m²","Luxweg 7, 5000 Aarau, AG","CHF 2,755.—",
Suchen...Staunen...Wohnen!,"3.5 rooms, 90 m²","Bahnhofplatz 3i, 5000 Aarau, AG","CHF 2,190.—",
Liebliche 3.5-Zi.-Garten Wohnung mit grossem Sitzplatz und schönem Garten,3.5 rooms,"Kirchbergstrasse 6, 5000 Aarau, AG","CHF 1,625.—",
Moderne 2.5-Zimmerwohnung im Gönhardquartier Aarau,"2.5 rooms, 68 m²","Gönhardweg 24, 5000 Aarau, AG","CHF 1,705.—",
Neu renovierte wunderschöne möblierte Zimmer,"1 room, 16 m²","Buchserstrasse 67, 5000 Aarau, AG",CHF 790.—,
Single oder zu Zweit?,"1 room, 25 m²","Hallwylstrasse 4, 5000 Aarau, AG",CHF 910.—,
"Helle, zentral gelegene Wohnung","2.5 rooms, 58 m²","Gönhardweg 6, 5000 Aarau, AG","CHF 1,110.—",
WOHNEN SIE EIN MONAT GRATIS,3 rooms,"Erzgrubenweg 11, 5000 Aarau, AG","CHF 1,190.—",
"LÄNDLICH, RUHIG UND GROSSZÜGIG - 1 NETTOMIETZINS GESCHENKT","2.5 rooms, 68 m²","Dorfstrasse 29, 5025 Asp, AG","CHF 1,140.—",https://cis01.immoscout24.ch/laendlich-ruhig-und-grosszuegig---1-nettomietzins-g-asp?328x185/0/85/is24media/6b/96/93fbcb0249-191021.jpg
HEUTE EINZIEHEN - MORGEN BEZAHLEN,"4.5 rooms, 100 m²","Dorfstrasse 29, 5025 Asp, AG","CHF 1,480.—",
Wohnung sucht Mieter,"3.5 rooms, 62 m²","Maienzugstrasse 24, 5000 Aarau, AG","CHF 1,245.—",
Kleinwohnung am Stadt- und Waldrand mit Aussicht,"2.5 rooms, 60 m²","General Guisan-Str. 52, 5000 Aarau, AG","CHF 1,255.—",
2.0-Zimmerwohnung in der Altstadt,"2 rooms, 39 m²","Kronengasse 3, 5000 Aarau, AG","CHF 1,280.—",
Suchen. Finden. Wohnen!,"3 rooms, 69 m²","General Guisan-Str. 52, 5000 Aarau, AG","CHF 1,310.—",
Wohnen in Bahnhofsnähe,"3.5 rooms, 68 m²","Buchserstrasse 34, 5000 Aarau, AG","CHF 1,320.—",
"moderne, helle 2.5 Zimmer Dachwohnung","2.5 rooms, 61 m²","Wöschnauring 12, 5000 Aarau, AG","CHF 1,330.—",
An ruhiger und sonniger Lage nur wenige Minuten vom Bahnhof,"4 rooms, 67 m²","Weihermattstrasse 40, 5000 Aarau, AG","CHF 1,340.—",
Blick ins Grüne garantiert!,"3 rooms, 69 m²","General Guisan-Str. 52, 5000 Aarau, AG","CHF 1,345.—",
WOHNEN AM STADTRAND IM GRÜNEN,"2.5 rooms, 50 m²","Erzgrubenweg 27, 5000 Aarau, AG","CHF 1,390.—",
3-Zimmer Wohnung Zentral in Aarau (möbliert falls gewünscht),"3 rooms, 60 m²","Schönenwerderstrasse 34, 5000 Aarau, AG","CHF 1,390.—",
2 Monate gratis wohnen,"2.5 rooms, 74 m²","Tannengut 1, 5000 Aarau, AG","CHF 1,400.—",
WOHNEN IN AARAU-SCHACHEN NÄHE INNENSTADT,"3 rooms, 66 m²","Im Ifang 2, 5000 Aarau, AG","CHF 1,450.—",
IHR NEUES ZUHAUSE IN AARAU,"3 rooms, 66 m²","Im Ifang 2, 5000 Aarau, AG","CHF 1,450.—",
Helle 3.5-Zimmerwohnungen - bis zu 2 Monate gratis,"3.5 rooms, 79 m²","General-Guisanstrasse 45, 5000 Aarau, AG","CHF 1,451.—",
1.5 Zimmer-Wohnung,"1.5 rooms, 32 m²","Rütmattstrasse 11, 5004 Aarau, AG","CHF 1,010.—",
Attraktives Wohnen in der Überbauung Telli - die Stadt in der Stadt,"3.5 rooms, 66 m²","Rütmattstr. 3, 5004 Aarau, AG","CHF 1,440.—",
Mieten ohne Kaution,"5.5 rooms, 107 m²","Rütmattstr. 8, 5004 Aarau, AG","CHF 1,680.—",
Ruhiges Wohnen im Grünen,"3 rooms, 73 m²","Kilbigstr. 4, 5018 Erlinsbach, AG","CHF 1,280.—",https://cis01.immoscout24.ch/ruhiges-wohnen-im-gruenen-erlinsbach?328x185/0/85/is24media/7e/ef/4f19a21f47-200122.jpg
Teilsanierte und helle 3.5-Zimmerwohnung nahe Aarau,"3.5 rooms, 75 m²","Aarauerstr. 22 A+B, 5018 Erlinsbach, AG","CHF 1,290.—",
Moderne 3.5-Zimmerwohnung im 3.OG,"3.5 rooms, 75 m²","Aarauerstr. 22 A+B, 5018 Erlinsbach, AG","CHF 1,290.—",
Schöne 3.5-Zimmerwohnung,3.5 rooms,"Bläuenstrasse 5, 5018 Erlinsbach, AG","CHF 1,300.—",
Hochparterre-Wohnung sucht Sie!,"3.5 rooms, 92 m²","Bläuenstrasse 12c, 5018 Erlinsbach, AG","CHF 1,350.—",
Wohnung sucht neue Mieter!,"3.5 rooms, 93 m²","Bläuenstrasse 14c, 5018 Erlinsbach, AG","CHF 1,360.—",
SONNIGE 4 ZIMMER-WOHNUNG IN ERLINSBACH AG,"4 rooms, 75 m²","Aarauerstrasse 43, 5018 Erlinsbach, AG","CHF 1,370.—",
Helle und ruhige 2 1/2 Zimmer-Wohnung,"2.5 rooms, 60 m²","Hölimattweg 14, 5023 Biberstein, AG","CHF 1,020.—",https://cis01.immoscout24.ch/helle-und-ruhige-2-1-2-zimmer-wohnung-biberstein?328x185/0/85/is24media/02/89/4df4129e42-200416.JPG
Tolle und sonnige Wohnung nahe der Stadt Aarau,"4.5 rooms, 83 m²","Aarauerstr. 26 A+B, 5018 Erlinsbach, AG","CHF 1,390.—",
Kinderfreundliche Wohnsiedlung an ruhiger Lage,"4 rooms, 88 m²","Kilbigstr. 4, 5018 Erlinsbach, AG","CHF 1,450.—",
"Grossräumige, helle 4.5-Zimmerwohnung",4.5 rooms,"Aarauerstrasse 39, 5018 Erlinsbach, AG","CHF 1,510.—",
*Wohnung sucht Familie*,"4.5 rooms, 106 m²","Bläuenstrasse 14a, 5018 Erlinsbach, AG","CHF 1,510.—",
Erstklassige 3.5-Zimmerwohnung an schöner Hanglage,"3.5 rooms, 66 m²","Saligasse 10, 5018 Erlinsbach, AG","CHF 1,640.—",
Moderne 3.5-Zimmerwohnung in 3-Familienhaus,"3.5 rooms, 94 m²","Reformationsweg 8, 5018 Erlinsbach, AG","CHF 1,790.—",
Möblierte 3½ Zi.-Traum-Dachwohnung-Nachmieter gesucht,"3.5 rooms, 116 m²","Saligasse 1, 5018 Erlinsbach, AG","CHF 2,025.—",
3.5 Attika-Wohnung an ruhiger Lage mit Traumaussicht,"3.5 rooms, 79 m²","Saligasse 10, 5018 Erlinsbach, AG","CHF 2,260.—",
Grosszügige 4.5-Zimmerwohnung an Toplage,"4.5 rooms, 128 m²","Kilbigstrasse 9A, 5018 Erlinsbach, AG","CHF 2,370.—",
6.5-Zi. Niedrigenergiehaus im Grünen am Waldrand,"6.5 rooms, 160 m²","Hinterbergweg 30, 5018 Erlinsbach, AG","CHF 2,560.—",
Neubau Eigentumswohnung - 1. OG,"2.5 rooms, 61 m²","Aaraustrasse 25A, 5018 Erlinsbach, AG","CHF 1,610.—",
Neubau Eigentumswohnung - parterre+exklusiver grosszügiger Grünbereich,"2.5 rooms, 61 m²","Aaraustrasse 25A, 5018 Erlinsbach, AG","CHF 1,640.—",
frei stehendes Einfamilienhaus,"6 rooms, 130 m²","Neuberg 21, 5018 Erlinsbach, AG","CHF 2,100.—",
Doppeleinfamilienhaus an schöner Lage in Erlinsbach zu vermieten,"5.5 rooms, 125 m²","Brühlstrasse 19, 5018 Erlinsbach, AG","CHF 2,500.—",
Ländlich und doch Zentral,"3.5 rooms, 76 m²","Rombachtäli 19, 5022 Rombach, AG","CHF 1,350.—",https://cis01.immoscout24.ch/laendlich-und-doch-zentral-rombach?328x185/0/85/is24media/ec/03/9cdfc9f647-200122.jpg
Ihre Rückzugsmöglichkeit in Rombach,"3.5 rooms, 85 m²","Rombachtäli 17, 5022 Rombach, AG","CHF 1,430.—",
ROMBACH! MEIN CHARMANTES NEUES ZUHAUSE,"3.5 rooms, 69 m²","Bibersteinerstrasse 21, 5022 Rombach, AG","CHF 1,440.—",
Stadtgrenze Aarau / Nähe ÖV,"4 rooms, 90 m²","Gysulastrasse 75, 5022 Rombach, AG","CHF 1,450.—",
Ländlich doch Zentral,"3.5 rooms, 78 m²","Giessenweg 1, 5022 Rombach, AG","CHF 1,520.—",
Familienfreundliche Wohnung,"4.5 rooms, 95 m²","Rombachtäli 15, 5022 Rombach, AG","CHF 1,600.—",
Jetzt umziehen und profitieren! Wir schenken den 1. Monat!,"4.5 rooms, 101 m²","Rombachtäli 15, 5022 Rombach, AG","CHF 1,630.—",
Ihr neues Zuhause!,"5.5 rooms, 108 m²","Rombachtäli 17, 5022 Rombach, AG","CHF 1,700.—",
Ruhige Wohnung nähe Aarau gesucht?,"3.5 rooms, 88 m²","Widlerstrasse 5, 5022 Rombach, AG","CHF 1,820.—",
Maisonette-Wohnung mit herrlicher Terrasse,"4.5 rooms, 155 m²","Bibersteinerstrasse 4, 5022 Rombach, AG","CHF 2,690.—",
"Wohnen im Grünen, helle 2.5 Zimmerwohnung","2.5 rooms, 42 m²","Gysulastrasse 74, 5022 Rombach, AG",Price on request,
Zu vermieten ab sofort,"4.5 rooms, 123 m²","Rainstrasse 7, 5022 Rombach, AG","CHF 1,785.—",
"charmante, sonnige Altbauwohnung",2 rooms,"Gartenweg 19, 5033 Buchs AG, AG","CHF 1,150.—",https://cis01.immoscout24.ch/charmante-sonnige-altbauwohnung-buchs-ag?328x185/0/85/is24media/02/a8/4383a80a40-200304.JPG
Schöne neue 3-Zi-Dachwohnung,"3 rooms, 71 m²","Gartenweg 19, 5033 Buchs AG, AG","CHF 1,550.—",
Viel Fläche für Ihre Familie!,"6.5 rooms, 198 m²","Mitteldorfstrasse 74, 5033 Buchs AG, AG","CHF 2,390.—",
CHARMANTE WOHNUNG IM HERZEN VON BUCHS,"2 rooms, 40 m²","Rosengartenweg 10, 5033 Buchs AG, AG","CHF 1,100.—",
zentrale 3-Zimmer-Wohnung im Grünen,"3 rooms, 60 m²","Blumenweg 9, 5033 Buchs AG, AG","CHF 1,240.—",
helle 3-Zimmerwohnung zentral gelegen,"3 rooms, 53 m²","Amsleracherweg 18, 5033 Buchs AG, AG","CHF 1,245.—",
3-Zimmerwohnung an zentraler und familienfreundlicher Lage,"3 rooms, 59 m²","Amsleracherweg 12, 5033 Buchs AG, AG","CHF 1,280.—",
"Lichtdurchflutete, moderne 3-Zimmerwohnung in Buchs","3 rooms, 62 m²","Amsleracherweg 14, 5033 Buchs AG, AG","CHF 1,285.—",
Gepflegte 3.Zi. Dachwohnung für Singel in Buchs AG,"3 rooms, 70 m²","Gysistrasse 12, 5033 Buchs AG, AG","CHF 1,290.—",
Ihr neues Zuhause im schönen Aargau inklusive einem Gratismonat,"4 rooms, 76 m²","Amsleracherweg 12, 5033 Buchs AG, AG","CHF 1,300.—",
Gemütlich und günstig wohnen,4 rooms,"Brummelstrasse 13, 5033 Buchs AG, AG","CHF 1,380.—",
Hier sind Sie mitten drin,"3 rooms, 61 m²","Schulweg 12, 5033 Buchs AG, AG","CHF 1,400.—",
Schöne 3 Zimmer Wohnung Nähe Kantonsspital,"3 rooms, 68 m²","Fluhweg 16, 5033 Buchs AG, AG","CHF 1,410.—",
Schöne 3 Zimmer Wohnung Nähe Kantonsspital,"3 rooms, 68 m²","Fluhweg 16, 5033 Buchs AG, AG","CHF 1,410.—",
Preiswerte Dachwohnung (inkl. NK) für CHF 1'420.- in ruhigem Quartier,"3.5 rooms, 67 m²","Lochweg 29, 5033 Buchs AG, AG","CHF 1,420.—",
Gartenwohnung die alle Ansprüche erfüllt...,"2.5 rooms, 72 m²","Oberdorfstrasse 10, 5033 Buchs AG, AG","CHF 1,456.—",
In ruhigem Wohnquartier,"4 rooms, 93 m²","Rosengartenweg 20, 5033 Buchs AG, AG","CHF 1,490.—",
"Einzigartige supermoderne Dachwohnung, 500 Meter vom KSA","3.5 rooms, 125 m²","Aarauerstrasse 25, 5033 Buchs AG, AG","CHF 1,495.—",
3.5 - Zimmerwohnung zu vermieten,3.5 rooms,"Amsleracherweg 19, 5033 Buchs AG, AG","CHF 1,520.—",
Wohnglück auf 89m2 im Zentrum von Buchs,"3.5 rooms, 89 m²","Mitteldorfstrasse 74, 5033 Buchs AG, AG","CHF 1,540.—",
Gemütliche Wohnung an ruhiger Lage,"4.5 rooms, 87 m²","Heinrich Wehrli-Str. 25, 5033 Buchs AG, AG","CHF 1,550.—",
Neu sanierte 2.5-Zimmerwohnung zu vermieten,"2.5 rooms, 84 m²","Brummelmattstrasse 9, 5033 Buchs AG, AG","CHF 1,570.—",
Grosse 3.5-Zimmer-Wohnung,"3.5 rooms, 95 m²","Gislifluestrasse 37, 5033 Buchs AG, AG","CHF 1,582.—",
Hier endet Ihre Wohnungssuche!,"3.5 rooms, 111 m²","Mitteldorfstrasse 74, 5033 Buchs AG, AG","CHF 1,640.—",
Umweltbewusst wohnen - 2.5-Zi.wohnung in Holzbauweise,"2.5 rooms, 70 m²","Pilatusstrasse 8, 5032 Aarau Rohr, AG","CHF 1,363.—",https://cis01.immoscout24.ch/umweltbewusst-wohnen---2-5-zi-wohnung-in-holzbauwe-aarau-rohr?328x185/0/85/is24media/65/b6/a87073a84b-200421.jpg
"Preiswertes EFH mit grosser Scheune/Lager, Laube und Garten","4.5 rooms, 97 m²","Hauptstrasse 47, 5032 Aarau Rohr, AG","CHF 2,090.—",
Bijour for you,"2 rooms, 38 m²","Quellhölzlistrasse 21, 5032 Aarau Rohr, AG","CHF 1,050.—",
"Ruhig & zentral wohnen in Aarau-Rohr (Terasse, Balkon & 2 Zi.Wohnung)","3.5 rooms, 72 m²","Hinterdorfstrasse 18, 5032 Aarau Rohr, AG","CHF 1,290.—",
IDEALE LAGE,"3.5 rooms, 75 m²",,"CHF 1,390.—",
An schöner ruhiger Lage 2 1/2 - Zimmerwohnung zu vermieten,"2.5 rooms, 69 m²","Pilatusstrasse 18, 5032 Aarau Rohr, AG","CHF 1,430.—",
MIETEN OHNE DEPOT - Fabelhaft wohnen,"2.5 rooms, 73 m²","Siebenmatten 5a, 5032 Aarau Rohr, AG","CHF 1,445.—",
***Wohnen in ländlicher Umgebung und trotzdem in Stadtnähe***,"2.5 rooms, 67 m²","Siebenmatten 9, 5032 Aarau Rohr, AG","CHF 1,620.—",
MIETEN OHNE DEPOT! Ihr zukünftiges Zuhause...,"2.5 rooms, 98 m²","Siebenmatten 5c, 5032 Aarau Rohr, AG","CHF 1,630.—",
Sitzplatz mit angrenzender Naturwiese,"3.5 rooms, 90 m²","Trieschäckerstrasse 14, 5032 Aarau Rohr, AG","CHF 1,700.—",
Helle moderne 3.5-Zimmer-Wohnung im 3. OG,"3.5 rooms, 91 m²","Trieschäckerstrasse 8, 5032 Aarau Rohr, AG","CHF 1,720.—",
MIETEN OHNE DEPOT- Hier werden Sie sich wohlfühlen!,"3.5 rooms, 94 m²","Siebenmatten 3a, 5032 Aarau Rohr, AG","CHF 1,720.—",
MIETEN OHNE DEPOT - Erstklassige Wohnung!,"3.5 rooms, 93 m²","Siebenmatten 1c, 5032 Aarau Rohr, AG","CHF 1,730.—",
ZENTRALES UND TROTZDEM RUHIGES WOHNEN,"3.5 rooms, 94 m²","Im Fuchswinkel 4b, 5032 Aarau Rohr, AG","CHF 1,740.—",
Erstbezug - Gartensitzplatz mit Abendsonne zum geniessen,"3.5 rooms, 73 m²","Am Heuweg 16, 5032 Aarau Rohr, AG","CHF 1,740.—",
"Hoher Ausbaustandard, ruhige Mieterschaft","3.5 rooms, 89 m²","Trieschäckerstrasse 2, 5032 Aarau Rohr, AG","CHF 1,750.—",
Wohntraum am Waldrand gesucht?,"3.5 rooms, 89 m²","Trieschäckerstrasse 6, 5032 Aarau Rohr, AG","CHF 1,760.—",
Exklusive 4 1/2 Zimmerwohnung,"4.5 rooms, 106 m²","Hauptstrasse 98a, 5032 Aarau Rohr, AG","CHF 1,830.—",
Exklusive 3 1/2 Zimmer - Attikawohnung,"3.5 rooms, 85 m²","Hauptstrasse 98, 5032 Aarau Rohr, AG","CHF 1,870.—",
WOHLFÜHLOASE FÜR FAMILIEN,"4.5 rooms, 117 m²","Gislifluhstrasse 11, 5032 Aarau Rohr, AG","CHF 1,940.—",
Wohnen in ländlicher Umgebung und trotzdem in Stadtnähe,"4.5 rooms, 106 m²","Siebenmatten 7, 5032 Aarau Rohr, AG","CHF 1,950.—",
Moderne Überbauung an grüner Lage,"4.5 rooms, 117 m²","Hauptstrasse 37b, 5032 Aarau Rohr, AG","CHF 1,955.—",
ATTRAKTIV | STILVOLL | MINERGIE,"4.5 rooms, 100 m²","Hauptstrasse 88, 5032 Aarau Rohr, AG","CHF 1,990.—",
Moderne Loft mit Ausblick auf den Jurasüdfuss,"1 room, 107 m²","Hauptstrasse 35, 5032 Aarau Rohr, AG","CHF 2,050.—",
Entspanntes Wohnen!,"4.5 rooms, 103 m²","Hardackerstr. 35, 5301 Siggenthal Station, AG","CHF 1,720.—",https://cis01.immoscout24.ch/entspanntes-wohnen!-siggenthal-station?328x185/0/85/is24media/9d/00/a0433b1147-200421.jpg
Traum-Maisonette-Wohnung gesucht? - Ideal für Familien,"5.5 rooms, 116 m²","Hardackerstr. 29, 5301 Siggenthal Station, AG","CHF 1,860.—",
Moderne Maisonettewohnung nahe Waldrand!,"5.5 rooms, 150 m²","Hardackerstr. 35, 5301 Siggenthal Station, AG","CHF 2,030.—",
Grosszügige und helle Wohnung,"5.5 rooms, 122 m²","Hauptstrasse 16, 5042 Hirschthal, AG","CHF 1,650.—",https://cis01.immoscout24.ch/grosszuegige-und-helle-wohnung-hirschthal?328x185/0/85/is24media/9e/27/56cb0a2548-200220.jpg
Idyllische 4-Zimmer Wohnung,"4 rooms, 110 m²","Blumenweg 6, 5042 Hirschthal, AG","CHF 1,890.—",
4.5 Zimmerwohnungen 1 Stock,"4.5 rooms, 125 m²",,"CHF 2,070.—",
2-er WG in 5 1/2-Zimmer-Haus,"1 room, 18 m²","Talstrasse 35, 5042 Hirschthal, AG",CHF 790.—,
"grosszügige offene 3.5-Zimmerwohnung - wohnen ""im Mitteldorf""","3.5 rooms, 88 m²","Hauptstrasse 66, 5035 Unterentfelden, AG","CHF 1,770.—",https://cis01.immoscout24.ch/grosszuegige-offene-3-5-zimmerwohnung---wohnen-im--unterentfelden?328x185/0/85/is24media/c8/fe/1bb4cc0940-200212.jpg
WG-Zimmer * Studio's * Appartement's * Wohnungen,1 room,"Hauptstrasse 7, 5035 Unterentfelden, AG",CHF 450.—,
Günstige 1 Zimmer zu vermieten,1 room,"Hauptstrasse 7, 5035 Unterentfelden, AG",CHF 450.—,
Wohnung mit allem was das Herz begehrt,,"Tramweg 10, 5035 Unterentfelden, AG","CHF 1,250.—",
ruhige und doch Zentrale Lage,"3.5 rooms, 79 m²","Neufeldstrasse 5, 5035 Unterentfelden, AG","CHF 1,395.—",
Moderne 3-Zimmer-Wohnung in der dritten Etage (zuoberst) in Unterentfelden,3 rooms,"Kirchweg 4, 5035 Unterentfelden, AG","CHF 1,396.—",
"Tolle Wohnung an zentraler, heller Lage","3 rooms, 63 m²","Sämisweidstrasse 5, 5035 Unterentfelden, AG","CHF 1,410.—",
Mieten ohne Kaution! - Ihr neues Zuhause!,"4.5 rooms, 79 m²","Kirchweg 1/3/5, 5035 Unterentfelden, AG","CHF 1,470.—",
"Helle, hübsche 4.5 Zi Wohnung mit Balkon, viel Grünfläche - per 1.7.","4.5 rooms, 100 m²","Quellmattstrasse 78, 5035 Unterentfelden, AG","CHF 1,480.—",
cozy 2.5-Zimmerwohnung mit grosszügigem Sitzplatz,"2.5 rooms, 65 m²","Nordweg 25, 5035 Unterentfelden, AG","CHF 1,490.—",
Moderne 4-Zimmer-Wohnung (Erdgeschoss) in Unterentfelden,4 rooms,"Kirchweg 4, 5035 Unterentfelden, AG","CHF 1,496.—",
ruhige Lage und doch Zentral,"4.5 rooms, 110 m²","Neufeldstrasse 5, 5035 Unterentfelden, AG","CHF 1,575.—",
Mieten ohne Depot! Wir beschenken Sie!,"4.5 rooms, 92 m²","Kirchweg 17, 5035 Unterentfelden, AG","CHF 1,580.—",
Platz für die ganze Familie!,"4.5 rooms, 92 m²","Eichenweg 3, 5035 Unterentfelden, AG","CHF 1,620.—",
Moderne 3.5 Zimmerwohnung mit Eigentumstandard,"3.5 rooms, 98 m²","Suhrenmattstrasse 6, 5035 Unterentfelden, AG","CHF 1,800.—",
Wohlfühloase für Familien,"4.5 rooms, 106 m²","Fliederweg 17, 5035 Unterentfelden, AG","CHF 1,905.—",
"Mit oder ohne Kinder ein Raumwunder! - wohnen ""im Mitteldorf""","4.5 rooms, 115 m²","Hauptstrasse 64, 5035 Unterentfelden, AG","CHF 2,110.—",
die Welt von ganz oben - 3.5-Zimmer-Attikawohhnung mit 70m2 Terrasse,"3.5 rooms, 102 m²","Hauptstrasse 64, 5035 Unterentfelden, AG","CHF 2,240.—",
4 1/2 Zimmer Wohnung,"4.5 rooms, 114 m²","Oberdorfstr. 18, 5035 Unterentfelden, AG","CHF 1,793.—",
4.5-Zimmer-Doppel-Einfamilienhaus,4.5 rooms,"Oberdorfstrasse 29, 5035 Unterentfelden, AG","CHF 1,850.—",
"Schöne und ruhige Gartewohnung. Nähe Bus / Einkauf, schnell am Bahnhof","3.5 rooms, 60 m²","Weihermattstrasse 42, 5000 Aarau, AG","CHF 1,490.—",https://cis01.immoscout24.ch/schoene-und-ruhige-gartewohnung-naehe-bus-einkauf-aarau?328x185/0/85/is24media/0d/7c/d4cb3b644e-200310.JPG
Tolle Wohnung sucht Nachmieter,"3 rooms, 68 m²","Bachstrasse 101, 5000 Aarau, AG","CHF 1,490.—",
Ruhige & schöne Wohnlage,"3.5 rooms, 79 m²","Tannengut 3, 5000 Aarau, AG","CHF 1,500.—",
1 Monat gratis wohnen,"4.5 rooms, 92 m²","Tannengut 6, 5000 Aarau, AG","CHF 1,500.—",
Wohnen mit Weitsicht!,"4 rooms, 80 m²","General Guisan-Str. 52, 5000 Aarau, AG","CHF 1,525.—",
"Gemütliche 4.5 Zimmerwohnung, mit Hauswartstelle!!",4.5 rooms,"Erzgrubenweg 17, 5000 Aarau, AG","CHF 1,550.—",
schöne helle Altstadtwohnung,2.5 rooms,"Metzgergasse 22, 5000 Aarau, AG","CHF 1,550.—",
Charmante 2½-Zimmerwohnung mit Cheminée,"2.5 rooms, 65 m²","Bergstrasse 18, 5000 Aarau, AG","CHF 1,570.—",
Bijou for you!,"3.5 rooms, 79 m²","General-Guisanstrasse 45, 5000 Aarau, AG","CHF 1,575.—",
Ein Schmuckstück mitten in der Altstadt von Aarau,"3.5 rooms, 128 m²","Ziegelrain 1, 5000 Aarau, AG","CHF 1,580.—",
"Viel Grün, Ruhe und Gelassenheit","3 rooms, 71 m²","General Guisan-Strasse 31, 5000 Aarau, AG","CHF 1,583.—",
2 Mietzinse geschenkt!,"3.5 rooms, 91 m²","Tannengut 3, 5000 Aarau, AG","CHF 1,585.—",
Wohnen an ruhiger und doch zentraler Lage,4.5 rooms,"Dammweg 59, 5000 Aarau, AG","CHF 1,590.—",
2 Monate gratis wohnen,"3.5 rooms, 86 m²","Tannengut 1, 5000 Aarau, AG","CHF 1,600.—",
Schöne Wohnung nähe Bahnhof,"3.5 rooms, 79 m²","Bachstrasse 97, 5000 Aarau, AG","CHF 1,610.—",
"2½-Zimmerwohnung, 72 m2","2.5 rooms, 72 m²","Aarepark 5c, 5000 Aarau, AG","CHF 1,670.—",
grosszügige und preiswerte 3 1/2-Zi. Altstadtwohnung,3.5 rooms,"Kasinostrasse 17, 5000 Aarau, AG","CHF 1,690.—",
Schöne Wohnung sucht Nachmieter,"4 rooms, 69 m²","Ziegelrain 17, 5000 Aarau, AG","CHF 1,710.—",
urbane Loft - perfekte Single-Wohnung,"1 room, 69 m²","Tellistrasse 92, 5000 Aarau, AG","CHF 1,710.—",
3-Zimmer Maisonettewohnung in der Altstadt,3 rooms,"Halden 28, 5000 Aarau, AG","CHF 1,750.—",
Ideal für Jung und Alt!,"3 rooms, 87 m²","Goldernstrasse 32, 5000 Aarau, AG","CHF 1,765.—",
Heimeliges Wohnen mit Charme,4.5 rooms,"Bachstrasse 68, 5000 Aarau, AG","CHF 1,800.—",
Wohnen in Altstadtnähe!,"3.5 rooms, 76 m²","Erlinsbacherstrasse 20, 5000 Aarau, AG","CHF 1,810.—",
Wohnen mit Blick über Aarau,"3.5 rooms, 72 m²","Reutlingerstrasse 10, 5000 Aarau, AG","CHF 1,830.—",
WG-Zimmer * Studio's * Appartement's * Wohnungen,1 room,,CHF 450.—,
Total sanierte 4.5 Zimmerwohnung an bester Lage!,4.5 rooms,"Stöcklimattweg 1, 5037 Muhen, AG","CHF 1,390.—",
Zentrumsnah auf dem Land..,"4.5 rooms, 93 m²","Hauptstrasse 27, 5037 Muhen, AG","CHF 1,470.—",
3.5-Zimmerwohnung mit viel Komfort an schöner Wohnlage,"3.5 rooms, 92 m²","Multenrain 28, 5037 Muhen, AG","CHF 1,700.—",
"TOP MODERN, VIEL PLATZ UND SICHT INS GRÜNE","5.5 rooms, 120 m²",,"CHF 1,770.—",
TOP MODERN MIT WEITSICHT UND SEHR GROSSER BALKON,"4.5 rooms, 120 m²",,"CHF 1,780.—",
Moderne und offene Wohnung,"4.5 rooms, 120 m²","Brühlstrasse 2, 5037 Muhen, AG","CHF 1,960.—",
Grosse 4.5 Zimmer-Wohnung mit viel Sonne,"4.5 rooms, 115 m²","Buchsweg 5, 5037 Muhen, AG","CHF 2,000.—",
Alpha Immobilien vermietet: Traumhafte 4.5 Zimmer Dachgeschoss- Neubauwohnung in Muhen mit sehr attraktivem Nebenkostenpaket,"4.5 rooms, 126 m²","Hirziweg 9, 5037 Muhen, AG","CHF 2,655.—",
WG Zimmer frei,"1 room, 19 m²","Hauptstrasse, 31, 5037 Muhen, AG",CHF 750.—,
Helle 3 1/2 Zi.-Whg. mit Gartensitzplatz,"3.5 rooms, 70 m²",,"CHF 1,225.—",
Wir vermieten Unabhängigkeit! - Nachmieter gesucht!,"3 rooms, 69 m²","Uerkenweg 15, 5036 Oberentfelden, AG","CHF 1,395.—",https://cis01.immoscout24.ch/wir-vermieten-unabhaengigkeit!---nachmieter-gesucht-oberentfelden?328x185/0/85/is24media/9a/4f/59a0f9c242-200414.jpg
Neu erstellte Dachwohnungen zentral gelegen,"3.5 rooms, 106 m²","Hintere Bahnhofstrasse 1, 5036 Oberentfelden, AG","CHF 1,700.—",
Kleine 3-Zimmer-Wohnung / sehr gut auch für Büros geeignet,"3 rooms, 42 m²","Unterdorfstrasse 15, 5036 Oberentfelden, AG",CHF 965.—,
Top Moderne 1.5 Zimmer Wohnung + inkl. Waschturm,"1.5 rooms, 35 m²","Walther-Bürsten-Strasse 1, 5036 Oberentfelden, AG",CHF 990.—,
IHR SCHMUCKSTÜCK,"2.5 rooms, 53 m²","Aarauerstrasse 11, 5036 Oberentfelden, AG","CHF 1,230.—",
Luxus Attika-Apartment mit zwei grossen Terrassen in Oberentfelden,"1.5 rooms, 30 m²","Köllikerstrasse 25, 5036 Oberentfelden, AG","CHF 1,290.—",
Wir vermieten FREIZEIT!,"3 rooms, 64 m²","Erlenweg 8, 5036 Oberentfelden, AG","CHF 1,395.—",
"Bijou for you! sehr grosse 2.5 Zimmerwohnung, 2 Monate geschenkt!","2.5 rooms, 77 m²","Wässermattweg 14, 5036 Oberentfelden, AG","CHF 1,410.—",
Wir vermieten FREIZEIT!,"3.5 rooms, 81 m²","Innere Mattenstrasse 16, 5036 Oberentfelden, AG","CHF 1,495.—",
"3 Zimmer Wohnung in AARAU WEST, Oberentfelden","3 rooms, 75 m²","Muhenstrasse 60, 5036 Oberentfelden, AG","CHF 1,550.—",
"Ihr neues Zuhause in familienfreundlicher Umgebung, 2 Monate gratis","3.5 rooms, 90 m²","Untere Holzstrasse 21, 5036 Oberentfelden, AG","CHF 1,550.—",
"Eine 3.5 Zimmer Wohnung, die auf Sie wartet / 2 Monate gratis","3.5 rooms, 91 m²","Untere Holzstrasse 23, 5036 Oberentfelden, AG","CHF 1,560.—",
Schöne 3.5 Zimmerwohnung mit Sitzplatz,"3.5 rooms, 89 m²","Bergstrasse 21, 5036 Oberentfelden, AG","CHF 1,600.—",
IHR NEUES WOHLFÜHL-DOMIZIL,"3.5 rooms, 92 m²","Hintere Bahnhofstrasse 9, 5036 Oberentfelden, AG","CHF 1,620.—",
Wo die Natur zu Hause ist! - Erstbezug,"3.5 rooms, 82 m²",,"CHF 1,680.—",
"Liv(e) it, Love it, Rent it","4.5 rooms, 91 m²","Innere Mattenstrasse 20, 5036 Oberentfelden, AG","CHF 1,695.—",
"Köllikerstrasse 2A, Oberentfelden",,"Köllikerstrasse 2A, 5036 Oberentfelden, AG","CHF 1,700.—",
Familienfreundliches Schmuckstück / 2 Monate gratis wohnen,"4.5 rooms, 111 m²","Wässermattweg 8, 5036 Oberentfelden, AG","CHF 1,750.—",
"Familienfreundliches Schmuckstück, 2 Monate gratis","4.5 rooms, 107 m²","Untere Holzstrasse 23, 5036 Oberentfelden, AG","CHF 1,760.—",
4.5 Zimmerwohnung mit 16.10 m2 Balkon,"4.5 rooms, 110 m²","Bergstrasse 21, 5036 Oberentfelden, AG","CHF 1,770.—",
Entspannen und wohlfühlen in Stadtnähe! - Erstbezug,"3.5 rooms, 82 m²","Suhrerstrasse 49, 5036 Oberentfelden, AG","CHF 1,780.—",
Einzigartiges Wohnen - Erstbezug,"3.5 rooms, 73 m²","Suhrerstrasse 49, 5036 Oberentfelden, AG","CHF 1,780.—",
"Hochwertige, moderne 3.5-Zimmerwohnung mit Gartensitzplatz","3.5 rooms, 88 m²","Parkstrasse 4, 5036 Oberentfelden, AG","CHF 1,790.—",
IHR NEUES REICH,"4.5 rooms, 113 m²","Hintere Bahnhofstrasse 5, 5036 Oberentfelden, AG","CHF 1,850.—",
Zu Hause mit Blick ins Grüne!,"2.5 rooms, 59 m²","Frohdörfli 20, 5034 Suhr, AG","CHF 1,270.—",https://cis01.immoscout24.ch/zu-hause-mit-blick-ins-gruene!-suhr?328x185/0/85/is24media/7c/a9/e662e4e741-200422.jpg
"Helle, möblierte Wohnung mit Blick ins Grüne","1.5 rooms, 30 m²","Frohdörfli 28, 5034 Suhr, AG",CHF 920.—,
Zu vermieten per 1. Juni o.n.V. nähe Kantonsspital schöne 2 Zi-Wohnung,"2 rooms, 52 m²","Gysulaweg 10, 5034 Suhr, AG","CHF 1,100.—",
Bijou for you!,"2 rooms, 50 m²","Tramstr. 105, 5034 Suhr, AG","CHF 1,100.—",
Helle und grosszügige Wohnung im Zentrum von Suhr,"2.5 rooms, 58 m²","Obere Dorfstrasse 12, 5034 Suhr, AG","CHF 1,145.—",
Wohlfühlen in Suhr - Einkaufsgutschein bei Abschluss Mietvertrag,"2.5 rooms, 59 m²","Frohdörfli 24, 5034 Suhr, AG","CHF 1,240.—",
"Helle, renovierte 2,5 Zimmerwohnung","2.5 rooms, 58 m²","Buhaldeweg 3, 5034 Suhr, AG","CHF 1,250.—",
Helle Räume vereint mit einem attraktiven Grundriss,3.5 rooms,"Wynemattestrasse 12, 5034 Suhr, AG","CHF 1,281.—",
Jetzt Einkaufsgutschein sichern - Wohnen im Grünen und doch zentral!,"3 rooms, 61 m²","Frohdörfli 24, 5034 Suhr, AG","CHF 1,300.—",
Jetzt Einkaufsgutschein sichern - Wohnen im Grünen und doch zentral!,"3 rooms, 61 m²","Frohdörfli 13, 5034 Suhr, AG","CHF 1,300.—",
Jetzt Einkaufsgutschein sichern - Wohnen im Grünen und doch zentral!,"3 rooms, 61 m²","Frohdörfli 18, 5034 Suhr, AG","CHF 1,300.—",
Für warme Abende am Cheminée!,"3.5 rooms, 73 m²","Roggenweg 10, 5034 Suhr, AG","CHF 1,345.—",
Moderne 3-Zimmerwohnung mit Whirlpoolwanne,"3 rooms, 65 m²","Tramstrasse 37, 5034 Suhr, AG","CHF 1,360.—",
Ihr neues Zuhause in Suhr,"3 rooms, 94 m²","Obere Dorfstrasse 12, 5034 Suhr, AG","CHF 1,370.—",
Suchen. Finden. Wohnen.,"3.5 rooms, 76 m²","Buhaldeweg 7, 5034 Suhr, AG","CHF 1,420.—",
Ihre neue Wohnung mit Gartensitzplatz!,"3.5 rooms, 84 m²","Tramstr. 107, 5034 Suhr, AG","CHF 1,460.—",
3.5 Zimmer Wohnung an ruhiger Lage mit viel Aussicht,"3.5 rooms, 78 m²","Buhaldeweg 3, 5034 Suhr, AG","CHF 1,480.—",
Frisch saniert - ein Traum!,"3.5 rooms, 74 m²","Zollweg 4B, 5034 Suhr, AG","CHF 1,490.—",
Ihr Platz an der Sonne,3 rooms,"Postweg 4, 5034 Suhr, AG","CHF 1,490.—",
Renovierte Wohnung nähe Kantonsspital Aarau,4.5 rooms,"Hübeliackerweg 4, 5034 Suhr, AG","CHF 1,490.—",
Hübsche 3-Zimmerwohnung mit Sitzplatz,3 rooms,"Tramstrasse 121a, 5034 Suhr, AG","CHF 1,500.—",
MODERN UND IN SCHULNÄHE WOHNEN,"3.5 rooms, 90 m²","Mattenweg 7c, 5034 Suhr, AG","CHF 1,550.—",
Suchen. Finden. Wohnen.,"4.5 rooms, 94 m²","Wynemattestrasse 4, 5034 Suhr, AG","CHF 1,610.—",
FAMILIENFREUNDLICH UND RUHIG MIT GROSSEM BALKON!,"3.5 rooms, 110 m²",,"CHF 1,620.—",
IM HERZEN DER ALTSTADT,2.5 rooms,,"CHF 1,820.—",https://cis01.immoscout24.ch/im-herzen-der-altstadt-baden?328x185/0/85/is24media/4f/85/0c4dd60746-200403.jpg
Zentral Wohnen in Baden,"2 rooms, 67 m²","Langhaus 4, 5400 Baden, AG","CHF 1,955.—",https://cis01.immoscout24.ch/zentral-wohnen-in-baden-baden?328x185/0/85/is24media/f7/27/0fc5839845-200409.jpg
Exklusive Wohnung an ruhiger Lage in Baden gesucht?,"3.5 rooms, 112 m²","Ländliweg 4, 5400 Baden, AG","CHF 2,610.—",
3.5 Zimmerwohnung mit schöner Aussicht,"3.5 rooms, 75 m²","Mellingerstrasse 99, 5400 Baden, AG","CHF 1,620.—",
Best in Town!,"1 room, 24 m²","Bruggerstrasse 44, 5400 Baden, AG","CHF 1,075.—",
Im Zentrum von Stadt Baden!,"1 room, 17 m²","Haselstrasse 9, 5400 Baden, AG",CHF 950.—,
Wohnung im Zentrum Baden sucht Single!,"1 room, 22 m²","Haselstrasse 9, 5400 Baden, AG","CHF 1,050.—",
Wohnen im Herzen von Baden!,"1 room, 20 m²","Haselstrasse 9, 5400 Baden, AG","CHF 1,090.—",
Zentral gelegene Wohnung,3.5 rooms,"Mellingerstrasse 52a, 5400 Baden, AG","CHF 1,390.—",
"Zentral gelegene, helle 2-Zimmerwohnung in Baden!","2 rooms, 60 m²","Mellingerstrasse 48, 5400 Baden, AG","CHF 1,390.—",
Helle Wohnung an super Lage!,"3.5 rooms, 71 m²","Mellingerstrasse 48, 5400 Baden, AG","CHF 1,435.—",
Charmante 3.5 Zimmerwohnung an zentraler Lage!,3.5 rooms,"Wettingerstrasse 7, 5400 Baden, AG","CHF 1,460.—",
Wohnen an ruhiger Lage,"3 rooms, 64 m²","Kehlstrasse 47, 5400 Baden, AG","CHF 1,530.—",
Wohntraum im Eigentumsstandard: modern & lichtdurchflutet,"2.5 rooms, 66 m²","Bruggerstrasse 101, 5400 Baden, AG","CHF 1,540.—",
Grosszügig Wohnen im Bäderquartier!,"2.5 rooms, 70 m²","Römerstrasse 4, 5400 Baden, AG","CHF 1,570.—",
Zentral Wohnen an der Grenze zu Wettingen,"3 rooms, 70 m²","Lägernstrasse 13, 5400 Baden, AG","CHF 1,615.—",
In geschichtsträchtigen Räumen Wohnen,2.5 rooms,"Obere Halde 18, 5400 Baden, AG","CHF 1,680.—",
Exklusive Altstadtwohnung im Zentrum von Baden,"3.5 rooms, 73 m²","Cordulaplatz 6, 5400 Baden, AG","CHF 1,700.—",
Tolle komplett renovierte Wohnung mit Balkon an super Lage!,3.5 rooms,"Schartenstrasse 1, 5400 Baden, AG","CHF 1,720.—",
Möbl. 2-Zi.-Apt. Nähe Bhf / Furnished 1-Room Apt. near SBB station,"2 rooms, 31 m²","Bäderstrasse 18, 5400 Baden, AG","CHF 1,795.—",
Attraktives Wohnen im White Tower - www.whitetower-baden.ch,"3.5 rooms, 79 m²","Kehlstrasse 45, 5400 Baden, AG","CHF 1,825.—",
Über den Dächern von Baden,3.5 rooms,"Badstrasse 18, 5400 Baden, AG","CHF 1,850.—",
Top moderne 4.5-Zimmerwohnung!,"4.5 rooms, 94 m²","Ziegelhaustrasse 10, 5400 Baden, AG","CHF 1,874.—",
Stadtwohnung im Zentrum von Baden,"3.5 rooms, 84 m²","Stadtturmstrasse 22, 5400 Baden, AG","CHF 1,925.—",
"Zentral, aber doch ruhig gelegen","3 rooms, 77 m²","St. Christophstr. 6, 5400 Baden, AG","CHF 1,950.—",
Perfekt für Singles!,"1 room, 35 m²","Grubstr. 12, 5300 Turgi, AG",CHF 910.—,https://cis01.immoscout24.ch/perfekt-fuer-singles!-turgi?328x185/0/85/is24media/47/b5/1261399440-200330.jpg
Suchen. Finden. Wohnen.,"1 room, 35 m²","Grubstr. 12, 5300 Turgi, AG",CHF 940.—,
Ideale Wohnung für Pendler und Singles!,"1 room, 39 m²","Grubstrasse 9, 5300 Turgi, AG",CHF 990.—,
"2-Zi-Wohnung, neurenoviert","2 rooms, 60 m²","Neumättlistrasse 9, 5300 Turgi, AG","CHF 1,160.—",
Gratis Wohnen!,"3.5 rooms, 84 m²","Winterhaldenstrasse 60A, 5300 Turgi, AG","CHF 1,465.—",
Wohnen in Turgi - Parkplatz im Preis inklusive!,"3 rooms, 71 m²","Grubstrasse 9, 5300 Turgi, AG","CHF 1,470.—",
Willkommen zu Hause!,"3 rooms, 68 m²","Grubstr. 12, 5300 Turgi, AG","CHF 1,470.—",
Ihr neues Zuhause in Turgi,"3.5 rooms, 80 m²","Grubstrasse 9, 5300 Turgi, AG","CHF 1,530.—",
"Achtung, fertig - wohnen!","3 rooms, 68 m²","Grubstr. 12, 5300 Turgi, AG","CHF 1,550.—",
Gratis wohnen!,"4.5 rooms, 98 m²","Winterhaldenstrasse 62A, 5300 Turgi, AG","CHF 1,640.—",
Zu vermieten - an ruhiger und sonniger Lage!,"4 rooms, 80 m²","Allmendstrasse 9a, 5300 Turgi, AG","CHF 1,650.—",
Wohnen im Grünen vor den Toren von Baden,"4.5 rooms, 86 m²","Baumgartenweg 12, 5300 Turgi, AG","CHF 1,655.—",
Moderne 3.5 Zimmerwohnung mit Sitzplatz,"3.5 rooms, 73 m²","Kroenenstrasse 2c, 5300 Turgi, AG","CHF 1,820.—",
Perfekt gelegene 3.5 Zimmerwohnung mit Loggia,"3.5 rooms, 73 m²","Kronenstrasse 2c, 5300 Turgi, AG","CHF 1,850.—",
Topmodernes Neubau-Wohnen nahe Natur und Wald,"3.5 rooms, 95 m²",,"CHF 1,900.—",
Neubau-Dachwohnung mit schöner Sicht ins Grüne,"2.5 rooms, 116 m²",,"CHF 1,950.—",
Wohnen mit Weitsicht!,"4.5 rooms, 96 m²","Allmendstrasse 42, 5300 Turgi, AG","CHF 2,170.—",
Neubau-Charme für Familien an freundlicher Lage,"4.5 rooms, 106 m²",,"CHF 2,175.—",
3.5 Zimmer Attikawohnung mit grosser Terrasse 61.5 m2,"3.5 rooms, 90 m²","Kronenstrasse 2c, 5300 Turgi, AG","CHF 2,325.—",
Schöne Wohnung an ruhiger und zentraler Lage mit Sitzplatz und Balkon,2 rooms,"Treppenweg 19, 5300 Turgi, AG","CHF 1,230.—",
Traumhafte Wohngelegenheit!,"4.5 rooms, 119 m²","Hauptstr. 23a, 5032 Aarau Rohr, AG","CHF 2,070.—",https://cis01.immoscout24.ch/traumhafte-wohngelegenheit!-aarau-rohr?328x185/0/85/is24media/a7/dd/4bdee70548-200415.jpg
Moderne Loft im Quellenpark,"1 room, 140 m²","Hauptstrasse 35, 5032 Aarau Rohr, AG","CHF 2,090.—",
Exklusive 3 1/2 Zimmer - Attikawohnung mit traumhaftem Weitblick,3.5 rooms,"Fuchswinkel 6A, 5032 Aarau Rohr, AG","CHF 2,100.—",
Ausspannen und geniessen sobald Sie zu Hause sind,"3.5 rooms, 93 m²","Trieschäckerstrasse 18, 5032 Aarau Rohr, AG","CHF 2,200.—",
Attika-Wohnung mit Sicht ins Grüne!,"3.5 rooms, 92 m²","Trieschäckerstrasse 14, 5032 Aarau Rohr, AG","CHF 2,210.—",
Lichtdurchflutete Attikawohnung mit grosser Dachterrasse,"4.5 rooms, 131 m²","Hauptstrasse 37c, 5032 Aarau Rohr, AG","CHF 2,615.—",
Traumhafte Attikawohnung mit grosser Terrasse,"4.5 rooms, 151 m²","Gislifluhstr. 2, 5032 Aarau Rohr, AG","CHF 2,665.—",
wunderschöne,3.5 rooms,"Hauptstrasse 44, 5032 Aarau Rohr, AG","CHF 1,560.—",
"4,5 Zimmerwohnung (Eigentumswohnung)","4.5 rooms, 107 m²","Siebenmatten 69, 5032 Aarau Rohr, AG","CHF 1,990.—",
Deine neue Wohnung im wunderschönen Bäderquartier!,"2 rooms, 46 m²","Grendelstrasse 26, 5408 Ennetbaden, AG","CHF 1,090.—",https://cis01.immoscout24.ch/deine-neue-wohnung-im-wunderschoenen-baederquartier!-ennetbaden?328x185/0/85/is24media/34/44/c09170584d-200310.jpg
Wunderschöne 2.5 Zimmerwohnung zu vermieten,"2.5 rooms, 66 m²","Sonnenbergstrasse 51, 5408 Ennetbaden, AG","CHF 1,560.—",
Helle Wohnung mit zwei Balkonen und herrlicher Weitsicht,3.5 rooms,"Schlierenstrasse 27, 5408 Ennetbaden, AG","CHF 1,650.—",
Charmante Loftwohnung in Stadtnähe,"3.5 rooms, 72 m²","Geissbergstrasse 21, 5408 Ennetbaden, AG","CHF 1,890.—",
Wunderschöne 3.5 Zimmerwohnung mit WM & Tumbler,"3.5 rooms, 92 m²","Sonnenbergstrasse 51, 5408 Ennetbaden, AG","CHF 1,980.—",
Modern wohnen im Bäderquartier,"2.5 rooms, 86 m²","Hertensteinstrasse 7, 5408 Ennetbaden, AG","CHF 2,155.—",
Möbl. 2-Zi.-Apt. zentral & modern / Furnished 2-Room Apt,"2 rooms, 49 m²","Badstrasse 16, 5408 Ennetbaden, AG","CHF 2,350.—",
Wohnen im Herzen von Ennetbaden,"3.5 rooms, 90 m²","Hertensteinstrasse 7, 5408 Ennetbaden, AG","CHF 2,380.—",
Möbl. 2.5-Zi.-Apt. modern & hochwertig / Furnished 2.5-room Apt. centr,2.5 rooms,"Badstrasse 16, 5408 Ennetbaden, AG","CHF 2,950.—",
Möbl. 4-Zi.-Apt. zentral & modern / Furnished 24Room Apt,"4.5 rooms, 130 m²","Badstrasse 16, 5408 Ennetbaden, AG","CHF 3,950.—",
3.5 Zi Wohnung in Ennetbaden,3.5 rooms,,Price on request,
Moderne und helle Wohung bei der Limmat,"3.5 rooms, 90 m²","Hertensteinstrasse 7, 5408 Ennetbaden, AG","CHF 2,565.—",
herzige 2-Zimmerwohnung zu vermieten,2 rooms,"Badenerstrasse 16, 5413 Birmenstorf AG, AG","CHF 1,125.—",https://cis01.immoscout24.ch/herzige-2-zimmerwohnung-zu-vermieten-birmenstorf-ag?328x185/0/85/is24media/5d/2f/bde8bbeb46-200416.jpg
Helle Wohnung mit 68m2 - Autobahnanschluss innert wenigen Minuten erreichbar!,3 rooms,"Kirchstrasse 9B, 5413 Birmenstorf AG, AG","CHF 1,500.—",
Neubau im Altbau,3.5 rooms,"Strählgass 15, 5413 Birmenstorf AG, AG","CHF 1,556.—",
Schöne 3.5 Zi-Maisonettewohnung in Birmenstorf,3.5 rooms,"Strählgass 10, 5413 Birmenstorf AG, AG","CHF 1,600.—",
Wohnen über den Dächern von Birmenstorf,"4.5 rooms, 87 m²","Chileweg 4, 5413 Birmenstorf AG, AG","CHF 1,740.—",
Sonnige 4-Zimmer-Wohnung - Nähe Autobahnanschluss!,"4 rooms, 90 m²","Kirchstrasse 9c, 5413 Birmenstorf AG, AG","CHF 1,800.—",
Wohnen über den Dächern von Birmenstorf,"3.5 rooms, 95 m²","Chileweg 4, 5413 Birmenstorf AG, AG","CHF 1,822.—",
"Helle, moderne 4.5 Zimmer-Wohnung an bester Lage *MINERGIE-STANDARD*",4.5 rooms,,"CHF 1,900.—",
"Ein Bijou von einer (Eigentums)-Wohnung,",3.5 rooms,"Badenerstrasse 16, 5413 Birmenstorf AG, AG","CHF 1,925.—",
Heimelige Maisonette-Dachwohnung über 2-Stöcke!,"4.5 rooms, 105 m²","Kirchstrasse 9b, 5413 Birmenstorf AG, AG","CHF 1,975.—",
4.5-Zimmer-Maisonette-Wohnung mit Cheminée!,"4.5 rooms, 105 m²","Kirchstrasse 9C, 5413 Birmenstorf AG, AG","CHF 2,075.—",
Wohnen über den Dächern von Birmenstorf,"5.5 rooms, 116 m²","Chileweg 4, 5413 Birmenstorf AG, AG","CHF 2,160.—",
"HELL, HEIMELIG UND MODERN","3.5 rooms, 135 m²",,"CHF 2,300.—",
"2 Grosse 2,5 zi.- wohnung eg+1.og in birmenstorf per sofort","2.5 rooms, 63 m²","bruggerstr. 16, 5413 Birmenstorf AG, AG","CHF 1,250.—",
2.5 Zimmerwohnung,2.5 rooms,"Badenerstr.20, 5413 Birmenstorf AG, AG","CHF 1,210.—",
Zeit für einen Tapetenwechsel - ihre neue Wohnung wartet auf Sie!,"3.5 rooms, 98 m²","Mitteldorfstrasse 72, 5033 Buchs AG, AG","CHF 1,670.—",https://cis01.immoscout24.ch/zeit-fuer-einen-tapetenwechsel---ihre-neue-wohnung--buchs-ag?328x185/0/85/is24media/39/5c/1fe0c6bd4a-191121.jpg
Moderne Wohnräume an ruhiger Lage,"3.5 rooms, 89 m²","Lenzburgerstrasse 70, 5033 Buchs AG, AG","CHF 1,690.—",
Perfekt ausgestattete Wohnung mit grossem Balkon,"4.5 rooms, 111 m²","Obermattweg 16, 5033 Buchs AG, AG","CHF 1,690.—",
Neu sanierte 3.5 Zimmerwohnung im Dorfkern,"3.5 rooms, 98 m²","Brummelmattstrasse 7, 5033 Buchs AG, AG","CHF 1,760.—",
FAMILIENFREUNDLICHE WOHNUNG AN ZENTRALER LAGE,"4.5 rooms, 94 m²","Brummelstrasse 6, 5033 Buchs AG, AG","CHF 1,770.—",
Esprit und Eleganz = Lebensqualität pur...,"3.5 rooms, 95 m²","Mitteldorfstrasse 96, 5033 Buchs AG, AG","CHF 1,775.—",
3.5-Zimmerwohnung die alle Ansprüche erfüllt...,"3.5 rooms, 94 m²","Oberdorfstrasse 2, 5033 Buchs AG, AG","CHF 1,830.—",
Esprit und Eleganz = Lebensqualität pur...,"3.5 rooms, 94 m²","Oberdorfstrasse 8, 5033 Buchs AG, AG","CHF 1,830.—",
Moderne Wohnung im Zentrum von Buchs,"4.5 rooms, 103 m²","Brauereiweg 7, 5033 Buchs AG, AG","CHF 1,840.—",
MODERN UND ZENTRAL,"3.5 rooms, 100 m²",,"CHF 1,900.—",
Esprit und Eleganz = Lebensqualität pur...,"3.5 rooms, 105 m²","Mitteldorfstrasse 96, 5033 Buchs AG, AG","CHF 1,930.—",
Neu sanierte 4.5-Zimmerwohnung zu vermieten,"4.5 rooms, 119 m²","Brummelmattstrasse 5, 5033 Buchs AG, AG","CHF 1,940.—",
Lichtdurchflutete Wohnräume an ruhiger Lage im Grünen,"4.5 rooms, 106 m²","Lenzburgerstrasse 72, 5033 Buchs AG, AG","CHF 1,990.—",
Wohnmöglichkeiten beinahe ohne Grenzen...,"4.5 rooms, 114 m²","Oberdorfstrasse 6, 5033 Buchs AG, AG","CHF 1,990.—",
Sommer auf der eigenen Terrasse?,"3.5 rooms, 86 m²","Bachstrasse 12, 5033 Buchs AG, AG","CHF 2,195.—",
RUSTIKAL UND MODERN,"5.5 rooms, 180 m²",,"CHF 2,200.—",
Maisonette-Wohnung mit traumhafter Terrasse,"4.5 rooms, 121 m²","Mitteldorfstrasse 72, 5033 Buchs AG, AG","CHF 2,250.—",
Moder 4.5 Zimmerwohnung,"4.5 rooms, 125 m²","Bachstrasse 12, 5033 Buchs AG, AG","CHF 2,510.—",
!!!RESERVIERT!!!,"6.5 rooms, 170 m²",,"CHF 2,800.—",
3.5 ZWhg mit grosser Terrasse,"3.5 rooms, 85 m²","Gislifluestrasse 17, 5033 Buchs AG, AG","CHF 1,750.—",
"3,5-Zimmer Attikawohnung mit sehr grosszügiger, begehbarer Grünfläche","3.5 rooms, 90 m²","Trieschweg 26, 5033 Buchs AG, AG","CHF 2,375.—",
Einzugsmonat mietfrei!!!,"4.5 rooms, 88 m²","Bauhaldenstr. 21, 5417 Untersiggenthal, AG","CHF 1,640.—",https://cis01.immoscout24.ch/einzugsmonat-mietfrei!!!-untersiggenthal?328x185/0/85/is24media/15/c0/cf1ae23944-200417.jpg
gemütliche Wohnung an ruhiger und doch zentraler Lage,"2.5 rooms, 57 m²","Hinterdorfstrasse 8, 5417 Untersiggenthal, AG","CHF 1,200.—",
Gemütliche Wohnung gesucht?,3.5 rooms,"Gartenstrasse 2, 5417 Untersiggenthal, AG","CHF 1,340.—",
Tapetenwechsel?,4.5 rooms,"Niederwiesstrasse 8, 5417 Untersiggenthal, AG","CHF 1,370.—",
Topmoderne Wohnung mit Balkon an guter Lage,"2 rooms, 45 m²","Schulstrasse 20, 5417 Untersiggenthal, AG","CHF 1,370.—",
Ein Wohntraum!,"3.5 rooms, 76 m²","Bauhaldenstrasse 15, 5417 Untersiggenthal, AG","CHF 1,385.—",
Blick ins Grüne,3 rooms,"Grubenstrasse 7, 5417 Untersiggenthal, AG","CHF 1,390.—",
ruhiges Wohnen an kinderfreundlicher Lage,"3.5 rooms, 85 m²","Irisweg 2, 5417 Untersiggenthal, AG","CHF 1,390.—",
"WOHNEN, LEBEN & GENIESSEN","3 rooms, 74 m²","Lochmattstrasse 5a, 5417 Untersiggenthal, AG","CHF 1,520.—",
Wohnung im Zentrum gesucht?,"4.5 rooms, 80 m²","Hofacherstrasse 1, 5417 Untersiggenthal, AG","CHF 1,540.—",
Wohnung mit gutem Verkehrsanschluss gesucht?,"4.5 rooms, 80 m²","Hofacherstrasse 11, 5417 Untersiggenthal, AG","CHF 1,540.—",
Grosszügige 3-Zimmer-Wohnung an ländlicher Lage,3 rooms,"Rebbergstrasse 15, 5417 Untersiggenthal, AG","CHF 1,540.—",
Attraktive Wohnung mit Gartensitzplatz,"3 rooms, 79 m²","Rosengartenweg 14 B, 5417 Untersiggenthal, AG","CHF 1,570.—",
Attraktive Wohnung mit sonnigem Gartensitzplatz,"3 rooms, 79 m²","Rosengartenweg 10 B, 5417 Untersiggenthal, AG","CHF 1,570.—",
Moderne Wohnung mit Abendsonne,"3.5 rooms, 83 m²","Rosengartenweg 14 A, 5417 Untersiggenthal, AG","CHF 1,590.—",
friedliches Quartier,"4.5 rooms, 80 m²","Mardeläckerstrasse 16, 5417 Untersiggenthal, AG","CHF 1,595.—",
EINZIEHEN UND WOHLFÜHLEN,"3 rooms, 74 m²","Lochmattstrasse 3b, 5417 Untersiggenthal, AG","CHF 1,600.—",
FAMILIENWOHNUNG IN RUHIGER UMGEBUNG,"4 rooms, 90 m²","Lochmattstrasse 5a, 5417 Untersiggenthal, AG","CHF 1,640.—",
Sanierte Wohnung mit Rasenfläche gesucht?,"3.5 rooms, 82 m²","Schulstrasse 29, 5417 Untersiggenthal, AG","CHF 1,780.—",
Zentral gelegene Wohnung,"4.5 rooms, 111 m²","Schulstrasse 25b, 5417 Untersiggenthal, AG","CHF 1,795.—",
Schöne Familienwohnung an super Lage,4 rooms,"Dorfstrasse  94, 5417 Untersiggenthal, AG","CHF 1,820.—",
"Top modern, grosszügig und hell","3.5 rooms, 87 m²","Auhaldenstrasse 14, 5417 Untersiggenthal, AG","CHF 1,860.—",
wunderschöne Erdgeschoss-Wohnung an schöner Lage,"3.5 rooms, 74 m²","Dorfstrasse 90, 5417 Untersiggenthal, AG","CHF 1,860.—",
Wohnung mit Garten zu vermieten,"4.5 rooms, 102 m²","Schulstrasse 29, 5417 Untersiggenthal, AG","CHF 2,000.—",
Grosse moderne Wohnung mit tollem Grundriss,"2.5 rooms, 71 m²","Schulstrasse 6, 5412 Gebenstorf, AG","CHF 1,490.—",https://cis01.immoscout24.ch/grosse-moderne-wohnung-mit-tollem-grundriss-gebenstorf?328x185/0/85/is24media/25/18/8e1ef86f46-200408.jpg
Grosse Attikawohnung mit wunderschöner Fernsicht auf 2 sep. Terrassen,"3.5 rooms, 104 m²","Schulstrasse 4, 5412 Gebenstorf, AG","CHF 2,250.—",
Sehr schöne 3-Zimmerwohnung sucht neuen Bewohner,3 rooms,"Limmatstrasse 15, 5412 Vogelsang AG, AG","CHF 1,250.—",
Wohnen in zentraler und doch ruhiger Umgebung,"3 rooms, 63 m²","Unterriedenstr. 41, 5412 Gebenstorf, AG","CHF 1,260.—",
Wohnen an ruhiger Lage,"3 rooms, 62 m²","Unterriedenstr. 41, 5412 Gebenstorf, AG","CHF 1,270.—",
Tolle Familienwohnung an grüner Lage!,"4 rooms, 83 m²","Unterriedenstrasse 39, 5412 Gebenstorf, AG","CHF 1,420.—",
Gemütliches Wohnen im Grünen,"4 rooms, 83 m²","Unterriedenstrasse 45, 5412 Gebenstorf, AG","CHF 1,530.—",
Wohnen in familienfreundlichem Quartier,"4 rooms, 83 m²","Unterriedenstrasse 43, 5412 Gebenstorf, AG","CHF 1,545.—",
"GRÜN, RUHIG, FAMILIÄR - 3.5-Zimmer-Wohnung mit sonnigem Balkon",3.5 rooms,"Oberriedenstrasse 67, 5412 Gebenstorf, AG","CHF 1,550.—",
Oase Reuss vor der Haustüre - Ferien ganz nah,"4.5 rooms, 96 m²","Unterriedenstrasse 43, 5412 Gebenstorf, AG","CHF 1,600.—",
Familienfreundliche Überbauung in unmittelbarer Nähe der Reuss,"4.5 rooms, 96 m²","Unterriedenstrasse 43, 5412 Gebenstorf, AG","CHF 1,625.—",
Sehr schön ausgebaute Dachmaisonettewohnung,3.5 rooms,"Limmatstrasse 13, 5412 Gebenstorf, AG","CHF 1,750.—",
Moderne Wohnung an bester Lage im Geelig,"3.5 rooms, 74 m²","Feldstrasse 19, 5412 Gebenstorf, AG","CHF 1,790.—",
Ruhige Lage mit sehr grosser Terrasse,"4 rooms, 75 m²",,"CHF 1,850.—",
"""Erstbezug"" 2.5 Zimmer Attikawohnung","2.5 rooms, 73 m²","Zollstrasse 3, 5412 Gebenstorf, AG","CHF 1,900.—",
Moderne 4.5 ZWG im 1. OG,"4.5 rooms, 113 m²","Brühlstrasse 4, 5412 Gebenstorf, AG","CHF 1,990.—",
Einmaliges Angebot nur für Sie!,"3.5 rooms, 89 m²","Feldstrasse 19, 5412 Gebenstorf, AG","CHF 2,040.—",
Wohntraum in Gebenstorf,"4.5 rooms, 106 m²","Wiesenstrasse 2, 5412 Gebenstorf, AG","CHF 2,090.—",
Schöne 4 1/2-Zimmerwohnung,"4.5 rooms, 112 m²","Lauffohrstrasse 9, 5412 Vogelsang AG, AG","CHF 2,170.—",
"""Erstbezug"" 3.5 Zimmer Attikawohnung","3.5 rooms, 87 m²","Zollstrasse 3, 5412 Gebenstorf, AG","CHF 2,200.—",
4 1/2 Zimmer-Wohnung mit traumhafter Aussicht,"4.5 rooms, 90 m²","Birchhofstrasse 10, 5412 Gebenstorf, AG","CHF 1,650.—",
Maisonette Wohnung (2-Familienhaus) an zentraler Lage,"4.5 rooms, 111 m²","Grenzstrasse 11, 5412 Gebenstorf, AG","CHF 1,850.—",
Schöne 3.5 Zimmer Wohnung im Wasserschloss,"3.5 rooms, 88 m²","Schachenstrasse 1a, 5412 Gebenstorf, AG","CHF 2,000.—",
Modern und stadtnah,"3.5 rooms, 75 m²","Kirchweg 89, 5416 Kirchdorf AG, AG","CHF 1,920.—",https://cis01.immoscout24.ch/modern-und-stadtnah-kirchdorf-ag?328x185/0/85/is24media/0f/c2/29509e7142-200129.jpg
5½-Zimmer-Maisonettewohnung nahe Baden,"5.5 rooms, 200 m²","Landstrasse 215, 5416 Kirchdorf AG, AG","CHF 2,950.—",
*Attraktive Familienwohnung inkl. 1 Gratismonat*,"3.5 rooms, 83 m²","Haldenstrasse 18, 5415 Nussbaumen AG, AG","CHF 1,690.—",https://cis01.immoscout24.ch/*attraktive-familienwohnung-inkl-1-gratismonat*-nussbaumen-ag?328x185/0/85/is24media/5f/b3/155def184f-200207.jpg
*Mieten ohne Kaution*: Ländlich. Zentral. Einzigartig!,"1 room, 36 m²","Landstr. 156, 5415 Nussbaumen AG, AG","CHF 1,155.—",
Grosszügige 2.5 Zimmerwohnung in Nussbaumen zu vermieten!,"2.5 rooms, 49 m²","Feldstrasse 14, 5415 Nussbaumen AG, AG","CHF 1,190.—",
Günstige 3.5-Zi-Wohnung,"3.5 rooms, 70 m²","Landstrasse 64, 5415 Rieden AG, AG","CHF 1,220.—",
Grosszügige Singelwohnung!,"2 rooms, 62 m²","Schulstrasse 24, 5415 Nussbaumen AG, AG","CHF 1,260.—",
Gemütliche Singlewohnung im Grünen,"2.5 rooms, 58 m²","Kirchweg 41 B, 5415 Nussbaumen AG, AG","CHF 1,350.—",
Günstige gelegeheit im Zentrum,"3 rooms, 68 m²","Landstrasse 152, 5415 Nussbaumen AG, AG","CHF 1,350.—",
Geniessen Sie die Abendstunden auf dem Balkon!,"3 rooms, 71 m²","General Guisan-Strasse 49, 5415 Nussbaumen AG, AG","CHF 1,360.—",
Ruhige und gemütliche 3-Zimmerwohnung in Nussbaumen,"3 rooms, 71 m²","Rainstrasse 5, 5415 Nussbaumen AG, AG","CHF 1,360.—",
"Helle, teilsanierte Wohnung an ruhiger Lage - perfekt für Singles und Paare","3 rooms, 73 m²","Simonweg 2/Quellstr. 6, 5415 Nussbaumen AG, AG","CHF 1,370.—",
Gemütliche Wohnung an zentraler Lage,3 rooms,"Hertensteinstrasse 4, 5415 Nussbaumen AG, AG","CHF 1,390.—",
Sonniges Wohnen,"3.5 rooms, 72 m²","Kirchweg 53, 5415 Nussbaumen AG, AG","CHF 1,430.—",
Helle Wohnräume an idealer Lage,"3.5 rooms, 72 m²","Kirchweg 55, 5415 Nussbaumen AG, AG","CHF 1,435.—",
3½-Zimmerwohnung mit Cheminée zu vermieten,"3.5 rooms, 85 m²","Südallee 7, 5415 Nussbaumen AG, AG","CHF 1,480.—",
"Geräumige, helle Wohnung mit Balkon",4.5 rooms,"Feldstrasse 14, 5415 Nussbaumen AG, AG","CHF 1,490.—",
RENOVIERT AN ZENTRALER LAGE,"3.5 rooms, 75 m²",,"CHF 1,500.—",
Günstige gelegeheit im Zentrum,"4 rooms, 75 m²","Landstrasse 152, 5415 Nussbaumen AG, AG","CHF 1,550.—",
Hier blüht das Leben,"4 rooms, 89 m²","Kornweg 2, 5415 Nussbaumen AG, AG","CHF 1,580.—",
Wohnen im Zentrum von Nussbaumen,4 rooms,"Hertensteinstrasse 4, 5415 Nussbaumen AG, AG","CHF 1,590.—",
Einmalige Gelegenheit!,"3.5 rooms, 89 m²","Landschreiberstrasse 4, 5415 Nussbaumen AG, AG","CHF 1,595.—",
Gemütliches Wohnen - hoch oben im 4. Stock!,"3.5 rooms, 83 m²","Kirchweg 41 C, 5415 Nussbaumen AG, AG","CHF 1,640.—",
Willkommen Zuhause!,"3.5 rooms, 85 m²","Kirchweg 41 B, 5415 Nussbaumen AG, AG","CHF 1,640.—",
Ruhig und doch zentral Wohnen,"4 rooms, 78 m²","Kornweg 4, 5415 Nussbaumen AG, AG","CHF 1,640.—",
Ihre Kinder werden diese familienfreundliche Wohnlage lieben - Sie auch,"4.5 rooms, 81 m²","Kirchweg 57, 5415 Nussbaumen AG, AG","CHF 1,650.—",
Neuwertige grosszügige Minergie-Wohnung mit hochwertigem Innenausbau,"4.5 rooms, 118 m²","Köllikerstrasse 2b., 5036 Oberentfelden, AG","CHF 1,870.—",https://cis01.immoscout24.ch/neuwertige-grosszuegige-minergie-wohnung-mit-hochwe-oberentfelden?328x185/0/85/is24media/c1/00/746e512e4d-191016.jpg
4 1/2 ZI.-ATTIKA-WHG. MIT 65 m2 GROSSER TERRASSE,"4.5 rooms, 109 m²","Bergstrasse 21, 5036 Oberentfelden, AG","CHF 1,920.—",
Bijou mit eigenem Waschturm - Tolles Angebot für Sparfüchse!,"4.5 rooms, 120 m²","Turnhalleweg 10, 5036 Oberentfelden, AG","CHF 1,970.—",
Neuwertige grosszügige Minergie-Wohnung mit hochwertigem Innenausbau,"4.5 rooms, 123 m²","Köllikerstrasse 2, 5036 Oberentfelden, AG","CHF 2,070.—",
modernes Wohnen im Römerpark,"5.5 rooms, 129 m²","Walther-Bürsten-Strasse 21, 5036 Oberentfelden, AG","CHF 2,240.—",
Ruhig gelegene Gartenwohnung,"4.5 rooms, 120 m²","Uerkenweg 35A, 5036 Oberentfelden, AG","CHF 2,250.—",
moderne Attika-Wohnung mit toller Aussicht,"4.5 rooms, 112 m²","Walther-Bürsten-Strasse 11, 5036 Oberentfelden, AG","CHF 2,285.—",
"Helle, sonnige, top ausgebaute, moderne Wohnung in Stadtnähe","4.5 rooms, 123 m²","Aarauerstrasse 32, 5036 Oberentfelden, AG","CHF 2,350.—",
Schöne 3-Zimmer Wohnung ab 1. Mai 20 oder nach Vereinbarung,"3 rooms, 76 m²",,"CHF 1,603.—",
"Neue 4.5 Zimmerwohnung - schön, hell und sonnig","4.5 rooms, 106 m²","Walther-Bürsten-Strasse 3, 5036 Oberentfelden, AG","CHF 1,920.—",
Wohnen im Zentrum von Suhr,4.5 rooms,"Postweg 4, 5034 Suhr, AG","CHF 2,150.—",https://cis01.immoscout24.ch/wohnen-im-zentrum-von-suhr-suhr?328x185/0/85/is24media/6b/77/8f9ddc124e-200210.JPG
"Schöne Wohnung nähe KSA, mit eigenem Keller, Waschküche und Garten","4 rooms, 115 m²","Hübeliacker 13A, 5034 Suhr, AG","CHF 2,200.—",
LICHTDURCHFLUTET IM EIGENTUMSTANDARD,"4.5 rooms, 118 m²",,"CHF 2,420.—",
Geniessen Sie die winterliche Stimmung auf Ihrer Terrasse an der Suhre,"4.5 rooms, 115 m²","Suhreparkweg 2, 5034 Suhr, AG","CHF 2,790.—",
Suhr Bahnhof. Möbliertes Apartment im Hotel LOCAL / 1299 CHF,"1.5 rooms, 25 m²","Bernstrasse Ost 52, 5034 Suhr, AG","CHF 1,299.—",
Dachwohnung Stadtgrenze Aarau,2.5 rooms,"Tramstrasse 123, 5034 Suhr, AG","CHF 1,140.—",
Ruhig und sonnig Wohnen nähe KSA,"2.5 rooms, 60 m²","Gysulaweg 8, 5034 Suhr, AG","CHF 1,187.—",
3 Zi - Wohnung nähe KSA,3 rooms,"Elektraweg 1, 5034 Suhr, AG","CHF 1,200.—",
Zentral gelegen und doch ruhige Lage,"3 rooms, 70 m²","Tramstrasse 123, 5034 Suhr, AG","CHF 1,290.—",
In ruhigem Vierfamilienhaus charmante 3.5 Zimmer Wohnung,"3.5 rooms, 62 m²","Entenweg 1, 5034 Suhr, AG","CHF 1,340.—",
"Sonnige, ruhige 3-Zi +2-Zi Wohnungen mit Balkon nahe KSA/Bahnhof Aarau","3.5 rooms, 70 m²",,"CHF 1,364.—",
Möbliertes Bijou an idyllischer Lage,"2.5 rooms, 57 m²","Lättweg 20, 5034 Suhr, AG","CHF 1,580.—",
Ruhiges Wohnen in Stadtnähe mit eigener Waschküche und Keller,"4.5 rooms, 112 m²","Grubenweg 12, 5034 Suhr, AG","CHF 2,050.—",
4.5-Zimmer Whg. Wettingen zentrale Lage per 1. Juli oder Vereinbarung,"4.5 rooms, 95 m²","Landstrasse 4, 5430 Wettingen, AG","CHF 1,760.—",https://cis01.immoscout24.ch/4-5-zimmer-whg-wettingen-zentrale-lage-per-1-jul-wettingen?328x185/0/85/is24media/29/dd/7f8ba40540.jpg
Wohnen am Puls von Wettingen!,"1.5 rooms, 37 m²","Landstrasse 28, 5430 Wettingen, AG",CHF 770.—,
Herzige und zentral gelegene Wohnung,"2 rooms, 38 m²","Rankstrasse 3, 5430 Wettingen, AG","CHF 1,100.—",
Mitten in der Stadt und doch im Grünen,2 rooms,"Zehntenhofstrasse 4, 5430 Wettingen, AG","CHF 1,125.—",
Wohnen mitten in Wettingen,2 rooms,"Zehntenhofstrasse 6, 5430 Wettingen, AG","CHF 1,170.—",
Gemütliche Wohnung,"2 rooms, 48 m²","Zentralstrasse 100, 5430 Wettingen, AG","CHF 1,190.—",
Einzigartige Attikawohnung im Herzen von Wettingen,1.5 rooms,"Zentralstrasse 110, 5430 Wettingen, AG","CHF 1,205.—",
Wohnen am Puls von Wettingen!,"2.5 rooms, 60 m²","Antoniusstrasse 4, 5430 Wettingen, AG","CHF 1,205.—",
Charmante Altbauwohnung mit zwei Balkone,3.5 rooms,"Wiesenstrasse  7, 5430 Wettingen, AG","CHF 1,278.—",
Zentral und dennoch ruhig gelegene Wohnung mit Balkon,2.5 rooms,"Staffelstrasse 22, 5430 Wettingen, AG","CHF 1,320.—",
Charmante 3-Zimmerwohnung mit Balkon,3 rooms,"Landstrasse 116, 5430 Wettingen, AG","CHF 1,330.—",
Schöne Gartensitzplatz Wohnung - zentral und dennoch ruhig gelegen,2.5 rooms,"Staffelstrasse 22, 5430 Wettingen, AG","CHF 1,334.—",
Tolle Gartensitzplatz-Wohnung im Zentrum von Wettingen!,2 rooms,"Fliederstrasse 1, 5430 Wettingen, AG","CHF 1,350.—",
Attraktive 2.5 Zimmerwohnung,2.5 rooms,"Zentralstrasse 132, 5430 Wettingen, AG","CHF 1,379.—",
Zentrale 2-Zimmerwohnung,"2 rooms, 47 m²","Fliederstrasse 17, 5430 Wettingen, AG","CHF 1,380.—",
Schöne Wohnung im Herzen von Wettingen,2 rooms,"Lindenstrasse 15, 5430 Wettingen, AG","CHF 1,390.—",
Viel Stauraum und 2 Balkone,"3 rooms, 70 m²","Landstrasse 127, 5430 Wettingen, AG","CHF 1,400.—",
Parterrewohnung an ruhiger Wohnlage zentral gelgen,"3 rooms, 63 m²","Bahnhofstrasse 99, 5430 Wettingen, AG","CHF 1,410.—",
Ihr neues Zuhause?,"3 rooms, 72 m²","Langäcker 130, 5430 Wettingen, AG","CHF 1,435.—",
Charmante Altbauwohnung mit zwei Balkone,3.5 rooms,"Wiesenstrasse  7, 5430 Wettingen, AG","CHF 1,440.—",
Wohnen an zentraler Lage,"3 rooms, 66 m²","Mattenstrasse 18, 5430 Wettingen, AG","CHF 1,450.—",
Zentrale 3-Zimmerwohnung!,"3 rooms, 57 m²","Fliederstrasse 15, 5430 Wettingen, AG","CHF 1,455.—",
MITTEN IM ZENTRUM!,"3.5 rooms, 70 m²",,"CHF 1,500.—",
Mieten ohne Kaution - Wohnung mit fantastischem Ausblick über Wettingen,"3 rooms, 74 m²","Alb. Zwyssigstr. 83, 5430 Wettingen, AG","CHF 1,505.—",
Mieten ohne Kaution - Wohnen an zentralster Lage,"4.5 rooms, 110 m²","Sandstr. 12, 5432 Neuenhof, AG","CHF 2,280.—",https://cis01.immoscout24.ch/mieten-ohne-kaution---wohnen-an-zentralster-lage-neuenhof?328x185/0/85/is24media/29/e5/e127107b4a-200408.jpg
Mieten ohne Kaution - Traumwohnung zu vermieten!,"3.5 rooms, 86 m²","Sandstr. 10, 5432 Neuenhof, AG","CHF 1,980.—",
Mieten ohne Kaution - Hier fühlen Sie sich wie Zuhause!,"3.5 rooms, 86 m²","Sandstr. 10, 5432 Neuenhof, AG","CHF 2,010.—",
Mieten ohne Kaution - Wohntraum an zentralster Lage,"2.5 rooms, 71 m²","Sandstr. 8, 5432 Neuenhof, AG","CHF 1,720.—",
3-Zimmerwohnung - top zentral - günstig!,"3 rooms, 70 m²","Zürcherstrasse 124, 5432 Neuenhof, AG","CHF 1,290.—",
"Schönes, ruhiges aber doch zentral gelegenes Zuhause","3 rooms, 63 m²","Bergstrasse 4, 5432 Neuenhof, AG","CHF 1,350.—",
renovierte 3-Zimmer-Wohnung,"3 rooms, 70 m²","Zürcherstrasse 124, 5432 Neuenhof, AG","CHF 1,360.—",
gemütliche 3.5-Zimmer-Wohnung an der Limmat in Neuenhof,"3.5 rooms, 71 m²","Hofmattstrasse 12, 5432 Neuenhof, AG","CHF 1,400.—",
moderne 3.5-Zimmer-Wohnung an toller Lage,"3.5 rooms, 73 m²","Bifangstrasse 28, 5432 Neuenhof, AG","CHF 1,530.—",
frisch renovierte Wohnung sucht Nachmieter,3.5 rooms,"Hardstrasse 57, 5432 Neuenhof, AG","CHF 1,540.—",
GROSSZÜGIGE 2.5-ZIMMERWOHNUNG MIT RIESIGER TERRASSE,"2.5 rooms, 75 m²","Hardstrasse 56, 5432 Neuenhof, AG","CHF 1,595.—",
Grosszügige 3.5-Zimmerwohnung im Herzen von Neuenhof,3.5 rooms,"Bifangstrasse 9, 5432 Neuenhof, AG","CHF 1,600.—",
Erwarten Sie Komfort!,"3 rooms, 71 m²","Webermühle 32, 5432 Neuenhof, AG","CHF 1,610.—",
den Wolken näher,"4 rooms, 80 m²","Gartenstrasse 24, 5432 Neuenhof, AG","CHF 1,650.—",
Eine gute Wahl!,"3 rooms, 70 m²","Webermühle 14, 5432 Neuenhof, AG","CHF 1,690.—",
grosszügig und hell,"2.5 rooms, 81 m²","Althofstrasse 5, 5432 Neuenhof, AG","CHF 1,730.—",
Zügig umziehen!,"4 rooms, 91 m²","Webermühle 16, 5432 Neuenhof, AG","CHF 1,738.—",
Wohnen mit Weitsicht!,"3.5 rooms, 84 m²","Webermühle 44, 5432 Neuenhof, AG","CHF 1,745.—",
Ruhig und doch zentral!,"3.5 rooms, 84 m²","Webermühle 41, 5432 Neuenhof, AG","CHF 1,770.—",
Eine gute Wahl!,"3.5 rooms, 87 m²","Webermühle 23, 5432 Neuenhof, AG","CHF 1,770.—",
Ihr neues Zuhause!,"4 rooms, 89 m²","Webermühle 14, 5432 Neuenhof, AG","CHF 1,775.—",
Platz für die ganze Familie!,"4.5 rooms, 102 m²","Webermühle 45, 5432 Neuenhof, AG","CHF 1,985.—",
Hier bekommen nicht nur Ihre Kinder grosse Augen!,"5 rooms, 104 m²","Webermühle 13, 5432 Neuenhof, AG","CHF 1,990.—",
Alles unter einem Dach!,"4.5 rooms, 97 m²","Webermühle 31, 5432 Neuenhof, AG","CHF 2,010.—",
